-- phpMyAdmin SQL Dump
-- version 3.1.3
-- http://www.phpmyadmin.net
--
-- Serveur: localhost
-- Généré le : Mar 10 Mars 2009 à 12:15
-- Version du serveur: 5.0.32
-- Version de PHP: 5.2.0-8+etch13

SET SQL_MODE="NO_AUTO_VALUE_ON_ZERO";

--
-- Base de données: `webdelib`
--

-- --------------------------------------------------------

--
-- Structure de la table `acos`
--

CREATE TABLE `acos` (
  `id` int(10) unsigned NOT NULL auto_increment,
  `object_id` int(10) default NULL,
  `alias` varchar(255) NOT NULL default '',
  `lft` int(10) default NULL,
  `rght` int(10) default NULL,
  PRIMARY KEY  (`id`)
);

--
-- Contenu de la table `acos`
--

INSERT INTO `acos` (`id`, `object_id`, `alias`, `lft`, `rght`) VALUES
(1, NULL, 'Pages:home', 1, 2),
(2, NULL, 'Pages:mes_projets', 3, 26),
(3, NULL, 'Deliberations:add', 24, 25),
(4, NULL, 'Deliberations:mesProjetsRefuses', 22, 23),
(5, NULL, 'Deliberations:mesProjetsRedaction', 20, 21),
(6, NULL, 'Deliberations:mesProjetsValidation', 18, 19),
(7, NULL, 'Deliberations:mesProjetsValides', 16, 17),
(8, NULL, 'Deliberations:mesProjetsVotesOui', 14, 15),
(9, NULL, 'Deliberations:mesProjetsVotesNon', 12, 13),
(10, NULL, 'Deliberations:mesProjetsTransmis', 10, 11),
(11, NULL, 'Deliberations:listerProjetsATraiter', 8, 9),
(12, NULL, 'Deliberations:listerProjetsDansMesCircuits', 6, 7),
(13, NULL, 'Deliberations:mesProjetsRecherche', 4, 5),
(14, NULL, 'Pages:tous_les_projets', 27, 36),
(15, NULL, 'Deliberations:tousLesProjetsSansSeance', 34, 35),
(16, NULL, 'Deliberations:tousLesProjetsValidation', 32, 33),
(17, NULL, 'Deliberations:tousLesProjetsAFaireVoter', 30, 31),
(18, NULL, 'Deliberations:tousLesProjetsRecherche', 28, 29),
(19, NULL, 'Seances:listerFuturesSeances', 37, 44),
(20, NULL, 'Seances:add', 42, 43),
(21, NULL, 'Seances:listerAnciennesSeances', 40, 41),
(22, NULL, 'Seances:afficherCalendrier', 38, 39),
(23, NULL, 'Pages:postseance', 45, 52),
(24, NULL, 'Postseances:index', 50, 51),
(25, NULL, 'Deliberations:transmit', 48, 49),
(26, NULL, 'Pages:exportged', 46, 47),
(27, NULL, 'Pages:gestion_utilisateurs', 53, 64),
(28, NULL, 'Profils:index', 62, 63),
(29, NULL, 'Droits:edit', 60, 61),
(30, NULL, 'Services:index', 58, 59),
(31, NULL, 'Users:index', 56, 57),
(32, NULL, 'Circuits:index', 54, 55),
(33, NULL, 'Pages:gestion_acteurs', 65, 70),
(34, NULL, 'Typeacteurs:index', 68, 69),
(35, NULL, 'Acteurs:index', 66, 67),
(36, NULL, 'Pages:administration', 71, 88),
(37, NULL, 'Collectivites:index', 86, 87),
(38, NULL, 'Localisations:index', 84, 85),
(39, NULL, 'Themes:index', 82, 83),
(40, NULL, 'Models:index', 80, 81),
(41, NULL, 'Sequences:index', 78, 79),
(42, NULL, 'Compteurs:index', 76, 77),
(43, NULL, 'Typeseances:index', 74, 75),
(44, NULL, 'Infosupdefs:index', 72, 73),
(45, NULL, 'Deliberations', 89, 92),
(46, NULL, 'Deliberations:editerProjetValide', 90, 91);

-- --------------------------------------------------------

--
-- Structure de la table `acteurs`
--

CREATE TABLE `acteurs` (
  `id` int(11) NOT NULL auto_increment,
  `typeacteur_id` int(11) NOT NULL default '0',
  `nom` varchar(50) NOT NULL default '',
  `prenom` varchar(50) NOT NULL default '',
  `salutation` varchar(50) NOT NULL,
  `titre` varchar(100) NOT NULL,
  `position` int(11) NOT NULL,
  `date_naissance` date NOT NULL,
  `adresse1` varchar(100) NOT NULL,
  `adresse2` varchar(100) NOT NULL,
  `cp` varchar(20) NOT NULL,
  `ville` varchar(100) NOT NULL,
  `email` varchar(100) NOT NULL,
  `telfixe` varchar(20) default NULL,
  `telmobile` varchar(20) default NULL,
  `note` varchar(255) NOT NULL,
  `created` datetime NOT NULL default '0000-00-00 00:00:00',
  `modified` datetime NOT NULL default '0000-00-00 00:00:00',
  PRIMARY KEY  (`id`)
);

--
-- Contenu de la table `acteurs`
--


-- --------------------------------------------------------

--
-- Structure de la table `acteurs_services`
--

CREATE TABLE `acteurs_services` (
  `acteur_id` int(11) NOT NULL default '0',
  `service_id` int(11) NOT NULL default '0',
  PRIMARY KEY  (`acteur_id`,`service_id`)
);

--
-- Contenu de la table `acteurs_services`
--


-- --------------------------------------------------------

--
-- Structure de la table `annexes`
--

CREATE TABLE `annexes` (
  `id` int(11) NOT NULL auto_increment,
  `deliberation_id` int(11) NOT NULL,
  `seance_id` int(11) default NULL,
  `titre` varchar(50) NOT NULL,
  `type` char(1) NOT NULL,
  `filename` varchar(75) NOT NULL,
  `filetype` varchar(255) NOT NULL,
  `size` int(11) NOT NULL,
  `data` mediumblob NOT NULL,
  `created` datetime default NULL,
  `modified` datetime default NULL,
  PRIMARY KEY  (`id`)
);

--
-- Contenu de la table `annexes`
--


-- --------------------------------------------------------

--
-- Structure de la table `aros`
--

CREATE TABLE `aros` (
  `id` int(10) unsigned NOT NULL auto_increment,
  `foreign_key` int(10) unsigned default NULL,
  `alias` varchar(255) NOT NULL default '',
  `lft` int(10) default NULL,
  `rght` int(10) default NULL,
  PRIMARY KEY  (`id`)
);

--
-- Contenu de la table `aros`
--

INSERT INTO `aros` (`id`, `foreign_key`, `alias`, `lft`, `rght`) VALUES
(1, 0, 'Profil:Administrateur', 1, 4),
(2, 1, 'Utilisateur:admin', 2, 3),
(3, 0, 'Profil:Rédacteur', 5, 6),
(4, 0, 'Profil:Service assemblée', 7, 8),
(5, 0, 'Profil:Validateur', 9, 10);

-- --------------------------------------------------------

--
-- Structure de la table `aros_acos`
--

CREATE TABLE `aros_acos` (
  `id` int(10) unsigned NOT NULL auto_increment,
  `aro_id` int(10) unsigned NOT NULL,
  `aco_id` int(10) unsigned NOT NULL,
  `_create` char(2) NOT NULL default '0',
  `_read` char(2) NOT NULL default '0',
  `_update` char(2) NOT NULL default '0',
  `_delete` char(2) NOT NULL default '0',
  PRIMARY KEY  (`id`)
);

--
-- Contenu de la table `aros_acos`
--

INSERT INTO `aros_acos` (`id`, `aro_id`, `aco_id`, `_create`, `_read`, `_update`, `_delete`) VALUES
(1, 1, 1, '1', '1', '1', '1'),
(2, 1, 2, '-1', '-1', '-1', '-1'),
(3, 1, 14, '-1', '-1', '-1', '-1'),
(4, 1, 19, '-1', '-1', '-1', '-1'),
(5, 1, 23, '-1', '-1', '-1', '-1'),
(6, 1, 27, '1', '1', '1', '1'),
(7, 1, 33, '1', '1', '1', '1'),
(8, 1, 36, '1', '1', '1', '1'),
(9, 1, 45, '-1', '-1', '-1', '-1'),
(10, 3, 1, '1', '1', '1', '1'),
(11, 3, 2, '1', '1', '1', '1'),
(12, 3, 4, '-1', '-1', '-1', '-1'),
(13, 3, 8, '-1', '-1', '-1', '-1'),
(14, 3, 9, '-1', '-1', '-1', '-1'),
(15, 3, 10, '-1', '-1', '-1', '-1'),
(16, 3, 11, '-1', '-1', '-1', '-1'),
(17, 3, 12, '-1', '-1', '-1', '-1'),
(18, 3, 14, '-1', '-1', '-1', '-1'),
(19, 3, 19, '-1', '-1', '-1', '-1'),
(20, 3, 23, '-1', '-1', '-1', '-1'),
(21, 3, 27, '-1', '-1', '-1', '-1'),
(22, 3, 33, '-1', '-1', '-1', '-1'),
(23, 3, 36, '-1', '-1', '-1', '-1'),
(24, 3, 45, '-1', '-1', '-1', '-1'),
(25, 4, 1, '1', '1', '1', '1'),
(26, 4, 2, '-1', '-1', '-1', '-1'),
(27, 4, 14, '1', '1', '1', '1'),
(28, 4, 19, '1', '1', '1', '1'),
(29, 4, 23, '1', '1', '1', '1'),
(30, 4, 27, '-1', '-1', '-1', '-1'),
(31, 4, 33, '-1', '-1', '-1', '-1'),
(32, 4, 36, '-1', '-1', '-1', '-1'),
(33, 4, 45, '-1', '-1', '-1', '-1'),
(34, 5, 1, '1', '1', '1', '1'),
(35, 5, 2, '1', '1', '1', '1'),
(36, 5, 3, '-1', '-1', '-1', '-1'),
(37, 5, 4, '-1', '-1', '-1', '-1'),
(38, 5, 5, '-1', '-1', '-1', '-1'),
(39, 5, 6, '-1', '-1', '-1', '-1'),
(40, 5, 7, '-1', '-1', '-1', '-1'),
(41, 5, 8, '-1', '-1', '-1', '-1'),
(42, 5, 9, '-1', '-1', '-1', '-1'),
(43, 5, 10, '-1', '-1', '-1', '-1'),
(44, 5, 13, '-1', '-1', '-1', '-1'),
(45, 5, 14, '-1', '-1', '-1', '-1'),
(46, 5, 19, '-1', '-1', '-1', '-1'),
(47, 5, 23, '-1', '-1', '-1', '-1'),
(48, 5, 27, '-1', '-1', '-1', '-1'),
(49, 5, 33, '-1', '-1', '-1', '-1'),
(50, 5, 36, '-1', '-1', '-1', '-1'),
(51, 5, 45, '-1', '-1', '-1', '-1');

-- --------------------------------------------------------

--
-- Structure de la table `circuits`
--

CREATE TABLE `circuits` (
  `id` int(11) NOT NULL auto_increment,
  `libelle` varchar(100) NOT NULL default '',
  PRIMARY KEY  (`id`)
);

--
-- Contenu de la table `circuits`
--


-- --------------------------------------------------------

--
-- Structure de la table `collectivites`
--

CREATE TABLE `collectivites` (
  `id` int(11) NOT NULL,
  `nom` varchar(30) NOT NULL,
  `adresse` varchar(255) NOT NULL,
  `CP` int(11) NOT NULL,
  `ville` varchar(255) NOT NULL,
  `telephone` varchar(20) NOT NULL,
  PRIMARY KEY  (`id`)
);

--
-- Contenu de la table `collectivites`
--

INSERT INTO `collectivites` (`id`, `nom`, `adresse`, `CP`, `ville`, `telephone`) VALUES
(1, 'Adullact', '335, Cour Messier', 34000, 'Montpellier', '0467650588');

-- --------------------------------------------------------

--
-- Structure de la table `commentaires`
--

CREATE TABLE `commentaires` (
  `id` int(11) NOT NULL auto_increment,
  `delib_id` int(11) NOT NULL default '0',
  `agent_id` int(11) NOT NULL default '0',
  `texte` varchar(200) NOT NULL default '',
  `pris_en_compte` tinyint(4) NOT NULL default '0',
  `created` datetime NOT NULL default '0000-00-00 00:00:00',
  `modified` datetime NOT NULL default '0000-00-00 00:00:00',
  PRIMARY KEY  (`id`)
);

--
-- Contenu de la table `commentaires`
--


-- --------------------------------------------------------

--
-- Structure de la table `compteurs`
--

CREATE TABLE `compteurs` (
  `id` int(11) NOT NULL auto_increment,
  `nom` varchar(255) NOT NULL,
  `commentaire` varchar(255) NOT NULL,
  `def_compteur` varchar(255) NOT NULL,
  `sequence_id` int(11) NOT NULL,
  `def_reinit` varchar(255) NOT NULL,
  `val_reinit` varchar(255) NOT NULL,
  `created` datetime NOT NULL,
  `modified` datetime NOT NULL,
  PRIMARY KEY  (`id`),
  UNIQUE KEY `nom` (`nom`)
);

--
-- Contenu de la table `compteurs`
--


-- --------------------------------------------------------

--
-- Structure de la table `deliberations`
--

CREATE TABLE `deliberations` (
  `id` int(11) NOT NULL auto_increment,
  `circuit_id` int(11) default '0',
  `theme_id` int(11) NOT NULL default '0',
  `service_id` int(11) NOT NULL default '0',
  `vote_id` int(11) NOT NULL default '0',
  `redacteur_id` int(11) NOT NULL default '0',
  `rapporteur_id` int(11) NOT NULL default '0',
  `seance_id` int(11) default NULL,
  `position` int(4) NOT NULL,
  `anterieure_id` int(11) NOT NULL,
  `objet` varchar(1000) NOT NULL,
  `titre` varchar(1000) NOT NULL,
  `num_delib` varchar(15) NOT NULL,
  `num_pref` varchar(10) NOT NULL default '',
  `texte_projet` longblob,
  `texte_projet_name` varchar(75) NOT NULL,
  `texte_projet_type` varchar(255) NOT NULL,
  `texte_projet_size` int(11) NOT NULL,
  `texte_synthese` longblob,
  `texte_synthese_name` varchar(75) NOT NULL,
  `texte_synthese_type` varchar(255) NOT NULL,
  `texte_synthese_size` int(11) NOT NULL,
  `deliberation` longblob,
  `deliberation_name` varchar(75) NOT NULL,
  `deliberation_type` varchar(255) NOT NULL,
  `deliberation_size` int(11) NOT NULL,
  `date_limite` date default NULL,
  `date_envoi` datetime default NULL,
  `etat` int(11) NOT NULL default '0',
  `reporte` tinyint(1) NOT NULL default '0',
  `localisation1_id` int(11) NOT NULL default '0',
  `localisation2_id` int(11) NOT NULL default '0',
  `localisation3_id` int(11) NOT NULL default '0',
  `montant` int(10) NOT NULL,
  `debat` longblob NOT NULL,
  `debat_name` varchar(255) NOT NULL,
  `debat_size` int(11) NOT NULL,
  `debat_type` varchar(255) NOT NULL,
  `avis` int(1) NOT NULL,
  `created` datetime NOT NULL default '0000-00-00 00:00:00',
  `modified` datetime NOT NULL default '0000-00-00 00:00:00',
  `vote_nb_oui` int(3) NOT NULL,
  `vote_nb_non` int(3) NOT NULL,
  `vote_nb_abstention` int(3) NOT NULL,
  `vote_nb_retrait` int(3) NOT NULL,
  `vote_commentaire` varchar(500) NOT NULL,
  `commission` longblob NOT NULL,
  `commission_size` int(11) NOT NULL,
  `commission_type` varchar(255) NOT NULL,
  `commission_name` varchar(255) NOT NULL,
  PRIMARY KEY  (`id`)
);

--
-- Contenu de la table `deliberations`
--


-- --------------------------------------------------------

--
-- Structure de la table `infosupdefs`
--

CREATE TABLE `infosupdefs` (
  `id` int(11) NOT NULL auto_increment,
  `nom` varchar(255) NOT NULL,
  `commentaire` varchar(255) NOT NULL,
  `ordre` int(11) NOT NULL,
  `code` varchar(255) NOT NULL,
  `taille` int(11) NOT NULL,
  `type` varchar(255) NOT NULL,
  `created` datetime NOT NULL,
  `modified` datetime NOT NULL,
  PRIMARY KEY  (`id`)
);

--
-- Contenu de la table `infosupdefs`
--


-- --------------------------------------------------------

--
-- Structure de la table `infosups`
--

CREATE TABLE `infosups` (
  `id` int(11) NOT NULL auto_increment,
  `deliberation_id` int(11) NOT NULL,
  `infosupdef_id` int(11) NOT NULL,
  `text` varchar(255) NOT NULL,
  `date` date NOT NULL,
  `file_name` varchar(255) NOT NULL,
  `file_size` int(11) NOT NULL,
  `file_type` varchar(255) NOT NULL,
  `content` longblob NOT NULL,
  PRIMARY KEY  (`id`),
  KEY `deliberation_id` (`deliberation_id`),
  KEY `infosupdef_id` (`infosupdef_id`)
);

--
-- Contenu de la table `infosups`
--


-- --------------------------------------------------------

--
-- Structure de la table `listepresences`
--

CREATE TABLE `listepresences` (
  `id` int(11) NOT NULL auto_increment,
  `delib_id` int(11) NOT NULL,
  `acteur_id` int(11) NOT NULL,
  `present` tinyint(1) NOT NULL,
  `mandataire` int(11) NOT NULL default '0',
  PRIMARY KEY  (`id`)
);

--
-- Contenu de la table `listepresences`
--


-- --------------------------------------------------------

--
-- Structure de la table `localisations`
--

CREATE TABLE `localisations` (
  `id` int(11) NOT NULL auto_increment,
  `parent_id` int(11) default '0',
  `order` varchar(50) NOT NULL,
  `libelle` varchar(100) NOT NULL default '',
  `actif` tinyint(1) NOT NULL default '1',
  `created` datetime NOT NULL default '0000-00-00 00:00:00',
  `modified` datetime NOT NULL default '0000-00-00 00:00:00',
  PRIMARY KEY  (`id`)
);

--
-- Contenu de la table `localisations`
--


-- --------------------------------------------------------

--
-- Structure de la table `models`
--

CREATE TABLE `models` (
  `id` int(11) NOT NULL auto_increment,
  `modele` varchar(100) NOT NULL,
  `type` varchar(100) NOT NULL,
  `name` varchar(255) default NULL,
  `size` int(11) NOT NULL,
  `extension` varchar(255) default NULL,
  `content` longblob NOT NULL,
  PRIMARY KEY  (`id`)
);

--
-- Contenu de la table `models`
--

INSERT INTO `models` (`id`, `modele`, `type`, `name`, `size`, `extension`, `content`) VALUES
(1, 'Projet', 'Document', 'projet.odt', 9750, 'application/vnd.oasis.opendocument.text', 0x504b0304140000000000a2556a3a5ec6320c2700000027000000080000006d696d65747970656170706c69636174696f6e2f766e642e6f617369732e6f70656e646f63756d656e742e74657874504b0304140000000000a2556a3a0000000000000000000000001a000000436f6e66696775726174696f6e73322f7374617475736261722f504b0304140008000800a2556a3a00000000000000000000000027000000436f6e66696775726174696f6e73322f616363656c657261746f722f63757272656e742e786d6c0300504b0708000000000200000000000000504b0304140000000000a2556a3a00000000000000000000000018000000436f6e66696775726174696f6e73322f666c6f617465722f504b0304140000000000a2556a3a0000000000000000000000001a000000436f6e66696775726174696f6e73322f706f7075706d656e752f504b0304140000000000a2556a3a0000000000000000000000001c000000436f6e66696775726174696f6e73322f70726f67726573736261722f504b0304140000000000a2556a3a00000000000000000000000018000000436f6e66696775726174696f6e73322f6d656e756261722f504b0304140000000000a2556a3a00000000000000000000000018000000436f6e66696775726174696f6e73322f746f6f6c6261722f504b0304140000000000a2556a3a0000000000000000000000001f000000436f6e66696775726174696f6e73322f696d616765732f4269746d6170732f504b0304140008000800a2556a3a0000000000000000000000000b000000636f6e74656e742e786d6cb559db6ee336107def57085aa00f4565d9ce66bb71632fda6e0bb4d81b9ab4e89b414b23875b4a5449ca97fe51be233fd6212929ba5bdb387970ac9933338733436a985cbf39c4ccd9819094274b773699ba0e24010f69b25dba7fdcfee2bd76dfacbebae651440358843cc862489417f044e16f07ad13b9b0daa59b8964c189a472919018e442050b9e4252582daae885896525521dd9687303ae5a2b38a8b1c61a5bb3259bf1910db86a1d0ab21f6bacb198d4aa79c4c71a1f24f3228e598f53a26883c581d1e4efa57ba754baf0fdfd7e3fd95f4cb8d8fab3abab2bdf684bc241894b33c10c2a0c7c60a083497f3699f905360645c6f2d3d82aa5248b372046a78628d2aaaadc6d4777c46edb939ae08e88d1bd61c0f5f25e84e3cb7b11566d63a2ee7a6af2da7f8f4af3f1fedd632f88786c2c8dada52a10341dbd4c8baeda73ce4baadac06e5043773e9dbef4ed7305bd1f84ef0555202af060101e10169419e77157d21037f311e1c14eb769d9f83a11b2c760ee5b75099661afebbfdebfbb09ee20268f607a1aecd1442a923c6646e822f4aef4d2179072a1cac444e30f4cacd6bc8c1246a40c834839311e3c6d6862553df87a67fadae485ebe4076fe5b49fbbabe268b76d21fd5210e111ef4524002f8480c9d5b5dda2a5d8b1cf9af8d2fd40e34d269ddf794c12e703bf72b0b1715b16e898b2e3d2fd9aa45c7edf865ab9ebd40268136f0b09088afd2334ba8648a90a7087ed88a0fa5876fd51046f48224f73b3a811b4e49e4af9145a6fe133f93333017b49553063281da582f81427bfafc8b99c640a33ae68e0193f65f5cd676d05b7dae5ac8c973337af4ab7b0324f5e2ab03385a22073f09e86fa909cbd9ae08b2a40cef6054b18dd6277c6446c718719b695e0a7984c7ee8e4822f0896c549839215b699e5f21641ab15c0bc3ae2d5e5e5c5e5375f4eb53b6f5e008c3599a2a8ca33e28b9484764c9b4ea657df697a28dc701182f018447816253c81aa54d0ed5d8758f1b42ddc70a5f4698ccea7f32076246734745e4ccdcff8957e6a2d3125826c0549ef0a050af448691e3c6b7583e76a4844f898049cdb1acb37ad2be9bf089fcd52e596b23dd8656e380b6bfb40833d3c2b4952985494d6aa5077dbea2183c1a1dfba0418fbf1499aff9f24dd624ed6f3e97ac3c36399a8d2b0912d93c07c67e1eba170fb39938a46475c5eb245c77bacfdd28d0893f005ec2fcec67eb8ccf3978dac570bdaad2c0b62d4ad25f9bdc75daed0ecca07cd6e756dae1012fec9f09e541e9b6da1634421952923478f670ae770c07db903869bcab56a9b8a5f19c332088ccf13cdf149ce6e8b23fe695ef0eb939dbcb5571e93f6feac65124f9b88020b87c4e5f04258069e3aa6e81f73a6dd172afbe819c4d2fdb8f90cca093307db09bfd58871ad5be70aff4c016ff0973235d451b1fbf5b00799a8459625685d419c8bc2071e0fc44e78fc1c416fa91230105669fdb3044627d05361fd15ce5de19f78ac676a42ed7a775c412d68f0a85f1be519ebbad1310163d28393f2766551bf36f2678aa9ffe023a02b6aae395bdc2c7eb8175c0766c4091fee19dda0c01e8eb5f078c1117c1d0202a071783e95c45ba22067201feeed1daf123a44f55a82919f2be43b8a73bbc4a0d22181de27d289f510a41eee652d78ae5d5b2dc8e764900a8c6eafdc1d0c520156f98c0cc8a63f7ea17bc6f0b88d0986e86aff82858554b6813ff45a4bad8bea24f449dfc28d14477dbff6d5ba4a076dfd01ed85bbfa64ce40ddccf5bd74da776d421b88d2c2995b9cf9cc6f74f59ba295d53c584dcd34bf61f5a2f19e578fe509be6f78c03bd380fdcc1de89081a422d18f3ffef6f3adb370f2f9a8a301b798f3be8963d5984dda1d83d695e2fbcd45354466e155493ff9f2623550cfcae5ebc4aabaa79955df24d4bd4ee75494c6dcb26a4d39dd7ebf3de9b83599ac3a66991ed27048b904dd0227f7d179735e9b6c568d19e854279d85e2488c5fbb35f9b50b55f1d4fc7fd2ea3f504b0708c92c5917ab050000901a0000504b0304140008000800a2556a3a0000000000000000000000000a0000007374796c65732e786d6ccd5a598fdb36107eefaf3014b46fb46cef6eba76b39b87143d80240592b4af012d513613491448ca477e7d674851a27578b54782cd43107386331fe7269557af0f593ad931a9b8c86f82f974164c581e8998e79b9be0df4f7f90ebe0f5ed4faf4492f088ad62119519cb3551fa98323581cdb95a59e24d50ca7c25a8e26a95d38ca9958e56a260b9dbb4f2b95746955d31c2c66e37ccfe6ecd0e7aec66e43dd94bd7e3351b667f772ce97eec66e4059bfadb133176f341a5241124125941356fa138a43cff7a136cb52e5661b8dfefa7fb8ba9909b70be5c2e4343ad0147355f51cad470c551c85286ca54389fce43c79b314dc7e2435e1f525e666b26479b866adaf1aada6d4647c46e33609a684be5e8d830cca7eebd88c7bbf722f6f766546f077c721dbe03a2f9ebdddb261664365617f29e982a92bc187d4ccbedef1742d45071834d500377319b5d86f6b7c7bd3fcbbe975c33e9b14767d9239a46b5c545d66734e09b87c041d80ec3d4714b3cf4a0e4ab50b242485d0349c61728b0cea2d61227b456039c6a6a2410dc6874f91242cc8410b7bc082655a1f38aeb22b8759534115045131a3112b32855b7af6c06d4cb13fb1b71de04ef79b62ed5e483c8683e792f9613881b887ac79df1f47813fc420ba17eebb2daf56072a200b7900dcb99e4e01e89dc271c05d71104f08e4a8e552f084701fc4873753736cb350296da73a51e03eb77f685fe571a8583a03c9e31908e4ab3ec2e4ce19093ab75db3d1df69825b44cab9eea2457183792165b1e058eb7fa4d0a09612735871e8c9d65a5b634167b02f215d3e47013cca61711e0ec211e5b440d658f409760441534821e45b642f26f009da6c8bab83ecbbc43185197159262acd40e6b8fccca2c299c63cff596d8ae9fd05479515050498d857cfb5812f2135a6a813a203478cc8465a569b1a54e8181b1968c4247551a5cae1d05cb1a62cb440cdb5349f4fa240c781e33ac04381df98771201d469822c0d3a2501827c3b06b76c4dd394da918982147af1ae5914805f45b2d4ba8d389b08814ff0648e78b429bb594e69b926e60299166211265ae2584c31f1feae3330db59b7c653237d0ad40ef94289340fda358cf66d3aba2b68f13efa8df0e0747aa14394a2ef21ea1d8c1537670805b426b6a8fd89a660437663dc9ab31c956fb21381b5060baedb1d8b21c060e919394c631d8cca0410ce0fd8cd727181977459947bab402f740868e0347071fdc1d982ea048cc213d7354029de66ade64cd69e81660cf26651e105f9ee786dbd3f70c42d4ea82e9b4c47fe740358aeb703babfaa9c2d98f36e66a493b0425cb28cf094eb02e0e171da6a254db16cb2372c55c86fca296323f8cec5d692d24a606c61dd47208a294160a83fab18a8914fb9672586925e957c60aa2c586e92d5e463009ef52ec2bb4b1fd11522aa6320e066b85735f4a950278904f4d7675e5fdc568eca5f5a03858a8efd9a41f4a8ea9eb337c8285cf8bd9e7b5888f7db0eeaa6a19955072c0640536decb8569bccdfa5a688d033af4e4f9a222191b9b869c9b864cd33d3daabbca4bb776b8c9b155362e9bdc7958e6f70ab86f06a3902670ee08983e2740652e527af4dc34f1c98f098207fbf7bc6f471ff72d349d879ce34caca6287244009d387a711f1fbda10596c427b43fa094f49e09d664d1508299e72afb9862664a553700433133817b6b990d27dd402fb66bf6ed8dc3580ed78cb3e63d211a9354d4a1cdbd3dd0db5ed32b01a3fdf7378cd98727f41e37f2ce7aef895cf124e1fb091b1e26cf1b90635f447aeb0cb24dda3c3f26d8ef6dae7127ffd35e7f3b8719714d367a613c866b28d1c7829d5a60b7591daaa288ff3eba7f57f3330ee4f1113034615e1d0e69058b492d4c75ef00c803c19e6b51cada0e96e46ebaa41058c545d121481c9d3ace6a2ed3766704aec347b70eb5b5bd63696316516a7b65ed18fc1f4b095a8c29dbb1b462b70ec5058863cf3a04df2929cc04b557b0b0575bdb8ec9385ea4d640696e31b3e9c5f5bcea4543da47e25a3c535c17cf14d7e533c575f54c71bd7ca6b87e7da6b8ae9f29aee533c5359ffd7860a7241f6d2e3453d8d012be29a5795d98d404520d0989101a7ff7019f5763807d4eded1b44454d5a2dba8b0b3716d3e9d98372b7f8fedbef8a885f2dce7173cd178842c8f8700f27e804e3c5aa441d0a76670f2b18ff0e67ebd5c3623469f752a218d155296e88ac6f3489a8fb65813bd2f0e465af3a101df3c40264c428ee066b60d789b1ec1bb27edfe5d91cd831ea6d66dc250f63cc66f9c8bd974694fe2085bc6375b7c5f5a4e5f9e3963a5044ca809cc2b70165a395b48982fb90eda57a681eb526b19add4599415a4a147d1d67bbe8d4092d1437d1a9c079baf4d158362851367ad319bcee6d78d12977364cde0e4861f79e6b3790f0f4df0d9b38f85c65f4aa5adbb6d10d87518ee6a375cfddc3c249ac7da1733f327f0bf33f439d41d6acb283ed6991fa17f526fb12ba809bd6eac55848caa5a46adad5a444967dfdb7ccc5e8c7a21df121ff6ff5795dbff01504b0708ed3202072a070000ea220000504b0304140000000000a2556a3ae6ce3b780504000005040000080000006d6574612e786d6c3c3f786d6c2076657273696f6e3d22312e302220656e636f64696e673d225554462d38223f3e0a3c6f66666963653a646f63756d656e742d6d65746120786d6c6e733a6f66666963653d2275726e3a6f617369733a6e616d65733a74633a6f70656e646f63756d656e743a786d6c6e733a6f66666963653a312e302220786d6c6e733a786c696e6b3d22687474703a2f2f7777772e77332e6f72672f313939392f786c696e6b2220786d6c6e733a64633d22687474703a2f2f7075726c2e6f72672f64632f656c656d656e74732f312e312f2220786d6c6e733a6d6574613d2275726e3a6f617369733a6e616d65733a74633a6f70656e646f63756d656e743a786d6c6e733a6d6574613a312e302220786d6c6e733a6f6f6f3d22687474703a2f2f6f70656e6f66666963652e6f72672f323030342f6f666669636522206f66666963653a76657273696f6e3d22312e32223e3c6f66666963653a6d6574613e3c6d6574613a67656e657261746f723e4f70656e4f66666963652e6f72672f332e302457696e3332204f70656e4f66666963652e6f72675f70726f6a6563742f3330306d3135244275696c642d393337393c2f6d6574613a67656e657261746f723e3c6d6574613a6372656174696f6e2d646174653e323030382d30362d32355431303a32323a33343c2f6d6574613a6372656174696f6e2d646174653e3c64633a646174653e323030392d30332d31305431313a34353a30342e34313c2f64633a646174653e3c6d6574613a65646974696e672d6379636c65733e363c2f6d6574613a65646974696e672d6379636c65733e3c6d6574613a65646974696e672d6475726174696f6e3e505430304832334d3030533c2f6d6574613a65646974696e672d6475726174696f6e3e3c6d6574613a646f63756d656e742d737461746973746963206d6574613a7461626c652d636f756e743d223122206d6574613a696d6167652d636f756e743d223022206d6574613a6f626a6563742d636f756e743d223022206d6574613a706167652d636f756e743d223122206d6574613a7061726167726170682d636f756e743d223522206d6574613a776f72642d636f756e743d22323222206d6574613a6368617261637465722d636f756e743d22313336222f3e3c6d6574613a757365722d646566696e6564206d6574613a6e616d653d22496e666f2031222f3e3c6d6574613a757365722d646566696e6564206d6574613a6e616d653d22496e666f2032222f3e3c6d6574613a757365722d646566696e6564206d6574613a6e616d653d22496e666f2033222f3e3c6d6574613a757365722d646566696e6564206d6574613a6e616d653d22496e666f2034222f3e3c2f6f66666963653a6d6574613e3c2f6f66666963653a646f63756d656e742d6d6574613e504b0304140008000800a2556a3a000000000000000000000000180000005468756d626e61696c732f7468756d626e61696c2e706e67edd6fd5312081a07706e5aed655377bad0f28dbacaea42dcebccd784ded4ac94d89acc573253a695175f52537ca96e93cad4a532cc08124b2d0d12442204560ddd9394cc17445472f1a50d850801e5f59ab999fbe97eb85feeb79df9cc7c9f3fe079bef3dc3c1913e9b4ce7d1d0000708a3a7ae487afc90600fe0458e3f875d26f0b9403006b1f451d3978fa327971322c7b3cdeb34c2b4c57ff70e59a76dd39876b65b746bdeed1eaea2fcd3b56d3728e87af6a0130aed41d58989dc8d9fe3de86ae27c44d47e1c858aba73057a13f44df0912fb081e055f72cbac67c40933be2b0f3ff41cc0e04834054bdb580e24f89036f8ebca5adfefbebbab4fb229706a464a16cb0ab10c25a569be88da0f7750979bde9925c793459d1f7ae54ff364441af2707b29e184066ed6173398376a749a91d76eca7a74d3e651332e4cbebd4929a7019df2c7d765cf5cfe80b59fe147592ed72b374a8f85dd40b57d9850f87f7e35499382f518762adbe0d56657043c63fc5c19cc5dc30fd141813895d9a625e14b4aa9918fd208f1af2b2f317d0007ea0c7ac2c1611f9196212b182e27edf93ba9ed0b618233ef102f36890c72b02be220b8ef5ad50e7d335a3f92b4f26489f3fb5ae9133b9b934a2b07136c67c6ac03ce318c09265c13c18c4ebb10f472fa5590bb83027d53dd51815d4dd578151d013b258afac1fabbf293d9686c045e6e22973ed37330653609906d7e42997fb6ad37d5ec5c8e8b3a7e6ab8b960eae9726b4e7dda27985d7586feef4ad129fad1d6fdec798e33fa280a48105aa78cfca619befe19a3d6a2734e2adc2388d013bcb850f8c3fd76608bc14654b0dd8106c8daf2aa514bc002713723dd1052b9b9cd9d9af91741e9853c5785a6b1c666c2b9df936329a9a7c030bd5f546da37508769d81cf5a7e9a39b2bdb6cbbdc6974f33351f13faa73e2165227c73f06b3d53e59fb78677b32d8f1b65d05c11afdd2c16dbb2b7bf485c1f0a9897134c7a069b022c6ec2158efaa6111110aceaa95467658c7e0097e96c18233e8c13c814c360173a0f4e5cef42b6dde52a2a62bdb667d0da3692c06e56a4dfb67d4691d25248768beac8b635d508283278f0510432783bcc3196af39bc504c589aac03c8157c2ca29f484d638469f8b86cc47430d3ad3df6ad26287185284980cf4da69e920333e1a9d7e5f795c1f2e290aeab0bff1d39b6995ac5fb57b2b14575c905b084d5bff478db42617886f4c84d3ce560190b47b535c5071068a11d03e572eb4fab37fcf3b3d559abbf9fa10d335a69799d9373a9d99c9ce14d4719219499e84a157a390689568f77917e36feaec65b9a56b9b7e82129a6e1d7af02c81a5de4ebe8c5f1f421e07a2a483fd21a3d839ecfbb3e35f0ad40bfdb083aef8e6de5c0e3a1f3d857cc056412c5354829c1b9da7ff0dfcb9b32f4e8225954f7667fc7ce04c38424a13eb362c7e9104726031ab2c6b4ce9b24c626d4a37b3bf814ca93e059d8bead2d83e62f7c837466250b3dceb4652b7a2f14e53fdaee796f5c3b2b7b69c47f5831c5d517a701166804b2dcc7db1fd137572ede363b74b0efce78cdddcd064639552b2faf8d0c49d19db266d48745218973f81dbc4fd5ecc7cde53ed02f182bc78b86f413f5d58da1900572ebaf85d4cd40764c17720e679f91e27a6d0b2ca5bad4a0ef6555e6a7ce5a185bc76795973b93338ff816fc4b6878be0a2ef9411f05982af6abaab45ba245eb0ee75b2ffd4248fdcd2f961b9b3825a9ae665cfb56d4199fc99053969c57292ae4cf5b52b2af0a178ef8016e1e259fff5d27e8f24071212a36b4b4c2e39b96493612068ff5a60ea4c9c67994f2cbdb5b2df70d87ee18b1e8b1ab008965c897cffee1a93b2372e19c3d669b70ea340282eb6d4ae1645b08c3892efe8235237d508f5f8eeb44c5e15372f8bf7651993b005cbe58a15e13bcc723aba7b1e92e25c6a7f65d18d12bca12968b5358baf366c3561562abe155fb206ca298e67927f94c236173a2518ce880a91c8ae759562f9c49c3c332e9975d33e9adf5eb2b9d43e965fdd188d57f9b6407935429ce82ed898c09f9a2be0a6b5da2458d659ae1e0a197bcd71532c3e91b5a5d748247657d0ad5c81fcbdc01c64fd73f1de38d9a5d69711385c393c6c60e8b571d42fef715ab338ad8a0714ec9c7627104c411d85bf9a1ddc6e80d55a6463f91e9f58d09b376a79ca8c8ee0375f7017dc92b9506b3b6ae8d000235b51f6bfbe946d77733b244ce4f0dc1fd377cc6e9c572303c204acfe6c64360ac6ec1ffa4989c8bc3b09b5e1ab3486ac749bca62783a62b128f733782a74028764958b980f92a0a6a1d2ad278d227bdd65edc5d46cddeed958f91c5cd8a228619a7824a95654ef58e2f9efc5724050ed574f3963c24c0c0ad5a39e0fab742a4a7640206f4b207fc9d0c4d285096390f519c0d4632945fad0d436f8bc76f8fc6df6c576cf88805aa7c44d521faca5e9c7a9928d4a165e8583a73624c8078a87e18dda117c6a5beb3e9fdeac73a1952358a36b09f41dd6fb8c7b0f9b253c9f081c79eef3293edb93caf722f03d917cbee6c37d3f2ffc5ae52f711b80a9cf09c36ca447bb2ca864d74e1b07b6ec220a553e07c19d3fd853975665df70ffc31ffe3b9b0382042434347f147cfdd70051e13147e887ce5dfb17504b0708bd51c1fe76070000d6090000504b0304140008000800a2556a3a0000000000000000000000000c00000073657474696e67732e786d6cb559db72e238107ddfaf48f99d90ebcc864a983264986542020524a99d376137a08dac76497280bfdf960ca90c970cc1d613892df54da74f77cbd7dfe689387a05a539ca9be0f4f82438021961cce5e426781cb62a7f07dfea7f5de378cc23a8c51865094853d1600c2dd147b45dea5afefa26c894ac21d35cd7244b40d74c54c314e46a5bedfdea9a53963f990b2e5f6e82a93169ad5a9dcd66c7b3f3635493eae9d5d555d5bd5d2d8d508ef9645f55f9eaf7aa10f14d91dd901be3949d9d9c5c54f3ff83a3a591ef427316d4577158b95fbf5e2ac87f2adc40626373b47c6c4dbb094865ed95c3ec2d6ac1b67dbfef79a2f5a10236c43458bd318b94de706982fac9757553c2fe523b30361ec43ef3d84cb7c93d3fbbfc7a564cf63fc027d3ad469f5e7e39bf3a4cf8608ab33ec4842f684e999c805e53304214c06450372a83c374b46543e14cc33dc6b04bfa9809bdb7f84ac2d20a9731cc21de8cd57670b93d94166ab15fc4dbf19aa9da28426e50b7382e7092bb80777af1e5f2f470b13bb2e4e2fcea40603c71cd47024acf1327b5ec9c7642fbbbd2c3e65e31d10d3406935da9f7f530d9bf109321495ac7d914553122eab00566a689224be47a3a9725bd81f8525a3e6fc6a5c522836abbeda727075adfd603101019885b8a1e1c60fa9687ef7965d7eb25556d5f402571ff229a3fc8143354923f534dc338ee31c5868cd03c485964a9ac74a2ef11439a3ed88e01d6e9b30c647433630b558734887f3988583f64c908d407ce14d0d6a19eeb318d99d956b856582c10a8ef496a163de6a7e44e242a6871a50db9016d02a0346de9335cd43e28ca5a504d4c5205da368da5d39b0bdc801c10f013473b0357c08dfcc45b8ab8199254d0df9ef2a4c7525056cf004cb65e0ecbf08452def15c773c26a2f0112be787ed103ca178d998f6141aa26dc2d31d2cd6b5300d5f2e1a5c32b508aa7b9aec58d083bd36054c9819cc41e409384da46a83c283fd4e3ca8ad80fc649c7302a240eb50c60dc1e48b6ea1b25cd46422ca842b60be20194a89c669d8cddc0712500759dc0716a3141b502c27676d995e56e8213aa43641f8386dd2f57d4ec72d99e890475e3a82304dc5e25183ba6586952fbe659b009f093760aff0945f80746553a0f6d1f05a253f048e98b85ddeddd8d6c30761b7f51d9d77a83993bd4c4626f39586a1e01349e01d184c7ba8f9476a0af0ade069a8df1a8f504694db103f2b5aaa5a62e1ca9f8f383633a5e8982ca82d31dadf01662adae09afcce600fbea45885ae94e6ad1a71a5e5818962e954b76587ebf5c9b60c376ef1014d93a5265370abd8ac3bfa4f77a52de61e94392aebe3ec0ec047b7b3ac5d0f9b83ddfe87e064b4d8bc90102acf9ac7a0863037cf747e5d4961a51cf0d1ab6ae88a78e9f93d908991b736cfddaef89a5674878de08dfdfc448a522a01d781fc61fe2d5ebedf4fd9a11918ea0acb0fda9b4b2ba0a57e7c7224d1071a21ac6ba131ca76723449b6d0cb51e5c391429d52cfef4bfe0f4bac1f644b818e47089c391d34a036998c4078287cbfd71f9ab81326e32dd376916b5577f03f336df87861d3463f7333bd673263a2a180bdf8a911ba0f7638788521e6a5d063e6103113c656fd899ff459b2b3f5c57e9cb3cd9dbb40ddf175614a345b51a05164d6a62275c1e765cff20663020d16bd4c146672e77d5fd9282f56dd6d9be3ae4cfd0ccf34e9462f9618bd947b3927dc46f00b14d2e4f687a1ed93d7d8ee1ababaf175b7baebbb77fd7f504b0708c635855ff7040000391f0000504b0304140008000800a2556a3a000000000000000000000000150000004d4554412d494e462f6d616e69666573742e786d6cb5954b6ec3201040f73985c5ded06655597122b5524f901e80e0b183c44fcc1025b72f8e94c46da3aaa9cc0e2c786f183cc36a73b4a63a4044ed5dcb9ef913abc029df6937b4ec63fb5ebfb0cd7ab1b2d2e91e909acba0cafb1c5ea72d4bd1355ea2c6c6490bd8906a7c00d779952c386abeae6f46d37a51ddc0bd3650e785f154dd64d06959d32940cb6408462b49394e71701d3fbbf854c1098ec46ebb27a75a4e3ef7c9983a48dab74c30f1500cf7296fdef57a48f11c1b2e0592a4843b19cbe0a55260204f7d142ac5389e3c27b7b8ab88a0375e121482071f52c87f462a848f7e8880e56e7a0cbd189cbc37c5e0daca0150bc6ab2326051c783ecef6d04931bab8727cdd554f0b7181e948f0d4a8cb57a179efdf4bf62fe9d8b743280b3632d909cadf16cf7c9ee9cd406055d863cb8616ef8bc8905a2fc4e5e53bb123f9ec9f527504b0708658248da4401000061070000504b01021400140000000000a2556a3a5ec6320c27000000270000000800000000000000000000000000000000006d696d6574797065504b01021400140000000000a2556a3a0000000000000000000000001a000000000000000000000000004d000000436f6e66696775726174696f6e73322f7374617475736261722f504b01021400140008000800a2556a3a000000000200000000000000270000000000000000000000000085000000436f6e66696775726174696f6e73322f616363656c657261746f722f63757272656e742e786d6c504b01021400140000000000a2556a3a0000000000000000000000001800000000000000000000000000dc000000436f6e66696775726174696f6e73322f666c6f617465722f504b01021400140000000000a2556a3a0000000000000000000000001a0000000000000000000000000012010000436f6e66696775726174696f6e73322f706f7075706d656e752f504b01021400140000000000a2556a3a0000000000000000000000001c000000000000000000000000004a010000436f6e66696775726174696f6e73322f70726f67726573736261722f504b01021400140000000000a2556a3a000000000000000000000000180000000000000000000000000084010000436f6e66696775726174696f6e73322f6d656e756261722f504b01021400140000000000a2556a3a0000000000000000000000001800000000000000000000000000ba010000436f6e66696775726174696f6e73322f746f6f6c6261722f504b01021400140000000000a2556a3a0000000000000000000000001f00000000000000000000000000f0010000436f6e66696775726174696f6e73322f696d616765732f4269746d6170732f504b01021400140008000800a2556a3ac92c5917ab050000901a00000b000000000000000000000000002d020000636f6e74656e742e786d6c504b01021400140008000800a2556a3aed3202072a070000ea2200000a00000000000000000000000000110800007374796c65732e786d6c504b01021400140000000000a2556a3ae6ce3b7805040000050400000800000000000000000000000000730f00006d6574612e786d6c504b01021400140008000800a2556a3abd51c1fe76070000d609000018000000000000000000000000009e1300005468756d626e61696c732f7468756d626e61696c2e706e67504b01021400140008000800a2556a3ac635855ff7040000391f00000c000000000000000000000000005a1b000073657474696e67732e786d6c504b01021400140008000800a2556a3a658248da440100006107000015000000000000000000000000008b2000004d4554412d494e462f6d616e69666573742e786d6c504b0506000000000f000f00ee030000122200000000),
(2, 'Délibération', 'Document', 'deliberation.odt', 13620, 'application/vnd.oasis.opendocument.text', 0x504b03041400000000007c556a3a5ec6320c2700000027000000080000006d696d65747970656170706c69636174696f6e2f766e642e6f617369732e6f70656e646f63756d656e742e74657874504b03041400000000007c556a3a0000000000000000000000001a000000436f6e66696775726174696f6e73322f7374617475736261722f504b03041400080008007c556a3a00000000000000000000000027000000436f6e66696775726174696f6e73322f616363656c657261746f722f63757272656e742e786d6c0300504b0708000000000200000000000000504b03041400000000007c556a3a00000000000000000000000018000000436f6e66696775726174696f6e73322f666c6f617465722f504b03041400000000007c556a3a0000000000000000000000001a000000436f6e66696775726174696f6e73322f706f7075706d656e752f504b03041400000000007c556a3a0000000000000000000000001c000000436f6e66696775726174696f6e73322f70726f67726573736261722f504b03041400000000007c556a3a00000000000000000000000018000000436f6e66696775726174696f6e73322f6d656e756261722f504b03041400000000007c556a3a00000000000000000000000018000000436f6e66696775726174696f6e73322f746f6f6c6261722f504b03041400000000007c556a3a0000000000000000000000001f000000436f6e66696775726174696f6e73322f696d616765732f4269746d6170732f504b03041400080008007c556a3a0000000000000000000000000b000000636f6e74656e742e786d6cc55add52e33614beef5368bc33bde8ace304ca76498977584867b603ec96643b7b97516c2511952d579213e8d3f496e7e0c57a24d9c64eecc440d87291c4e747e73b47e747f270f2e13662684984a43c1e38bd4ed741240e7848e3f9c0f93afecd7def7cf07f38e1b3190d483fe4411a9158b9018f157c23d08e65df72074e2ae23ec792ca7e8c2322fb2ae8f384c4b956bf2cdd37b62c45aa3bd65add0897b515b9556d95b56c45174fdb5b36c265ed50e0555b652d0b412dabcf785be55bc9dc1987a8470956740dc52da3f15f0367a154d2f7bcd56ad5591d76b8987bbde3e363cf700bc0412197a48219a930f00823da98f47a9d9e97cb4644e1b6f8b46c19529c4653225a87062bbcb1ab72396f9d11cb794368820516ad73c30857b7f7306cbfbd87615937c26ad1b027efbd4b609a8fcb8bc75c10515b5b5ab612aa40d0a4b59b56baaccf392fa06a055ba006ee41b7fbb3679f4bd2abade22b41151125f160ab78805950449c47754103b99e07122e59ea342d125f074236281c78965d08cbb071e96f9717a3604122fc284c770bbb34960ac78f91117a131a3d3df20449b850456066ed1b26ecd64161259ce1c20c48ca8e59c1d58ac65679054f57a6a755de38286bbca56e7fe0f8796bb76921bd82308316efce7040dc90044cfa27b6440b32b2cf1af8c0b9a2d13495e89a47384657fc1841624359e6d211657703e7479c70f9eba6a8a53ba86240abb873121341217f8496ae4824540550614b2ca86ecb8ed70ae008c77237362bd502965c51295f02eb9cdce03f5363b0115449a60da43ba948b40b93d7b4c9191da70a22ae68e09a758add379f150fc67ac95e612f436e46a5936b99273711909942512233e1150d7593ecbdebc0a00a00b31db098d139646784c51c2acca02d19df85a4735a8b0506044ba3780d92256e22cbe81b002d5710e65625de1d1d1d1efdf474a8f5717303c2d83a52209571ce783fc1a13da6753bdde35f343c204eb90889701999412f8a794cca5441e78b1ab2e2c92671ca95d2dd1816ef1e0411929cd110bde99abff69e7ed97031c102cf054e16390308fa48691e5cab3582be1a62113e0601ce6d6bee9bd495f41f10eff512e514b415b16e4e390b2b75a0855de89538ce554a4cab95b3eb75f5218391db66ed42c0e8b70fd2c173823486984c0eba93290fef8a40158a6bd13201cc2a0bc643beec4d2a159ddd817bf11c165ec1de0f9c1966926ca2f71a7b43c6d0408a076dd03f31e76d49fe4ee15251f4984d2232a490ca84e13b97a70a0ead049278491864a063d9d6eb4f8c016601f679ac31be68b171de0f5fb60afc7cf122e7f67e60c2de1cb5544269ce2861e1367231e9314b89abee12581f62a697cf59f6d1351203e7f3f4862814a60892067e558071cd9b640c6f4f0647f0a5cc1e6aab90affa64445251b12c0ba14949625f10ae78b4c576cca3d7303aa64a902d6695e6bf8a61588434ecb0fe49f6bdc3673cd207504cadbf4bae48c568f0c89f18e61ef775aa6d12b0496f51c2377716f813437f259bfaed8820755633cedeeca6d1c3bde0da30c3287cb867740a04db1c2be6e13620f824242040d69ae74b419c63453204f2e1de5e884aa6e1764f269218fabe4c5e5038e44a302a110e749d4814e913837ab89715e3197762b944be26824480757b3fad4190086299af88004f9bede7bc57340f658cc1445dfae728ac48a90cbc6d632db14b940f3d5ff495d550e15cec557edaa592adbadef695f37a3aaf5412eaa38d98cd615eeea82f7f5b756e3a0e2bb6f0a172e8dbe2cdb3e4fc0bb2d3d37239fb9ba55fefd75b04e7447449740f947a1c9cf15812cad0651ad3802698bd4512cec4901608aa0888129118d9a68974e904822a04875b6dea82d3b728d477743847334a52b4c053aa52c20c16938b191c09eb72b8d18396294f1aea239516bbec68ed4b3d7fde227051a60249ac7377c903b3459d57da0d7f383efd34bc1aa32fd7c3117c8f5ae4d74617f1b735a0ef9a5cfee947ebc5f5307368f8148f8ace5ce751d1d4ff0f8fd0f0dbd9d7d1f009bee43db6ce958cf77d1d190dcfae75b65d0fd1f9108d86a75767da1fc8fdb385008c70d7457f7cfdf479fc0c00e65d8df9ccdedb54df07595a6505cba9a866ef511aa53ba76bb65cc1576b2b10c6b6e8f79c2da36dcb3400a09f3ffe3e1c17db2f6b26e75a1e54ae4afedaa56ad7ce7beb4ead918ce3654a33f8e2f5c9964429bd62d9e155fd35cc6fbac2d5fbb97b82562f5cfec6f5ac69b2ec5a78e34ae5d75cc21a4093db84c35c8214d8591ffb8d79e54ae6af5dde9edb439e04715f3270a6d093894320a94e1669a73c0e79028d1d7845753dfcfbf81be675846f380cfd877b3dad5b644f71a9f36b6e800dfb6bf8ba485b5bc84eaeeb362cb9c14afb01523d1ed78d91ea19fb7b65825779a9e755def7e54febff1be0ff07504b070825f298b7de0600005c200000504b03041400080008007c556a3a0000000000000000000000000a0000007374796c65732e786d6ccd5a598fdb36107eefaf3014b46fb46cef6eba76b39b87143d80240592b4af012d513613491448ca477e7d674851a27578b54782cd43107386331fe7269557af0f593ad931a9b8c86f82f974164c581e8998e79b9be0df4f7f90ebe0f5ed4faf4492f088ad62119519cb3551fa98323581cdb95a59e24d50ca7c25a8e26a95d38ca9958e56a260b9dbb4f2b95746955d31c2c66e37ccfe6ecd0e7aec66e43dd94bd7e3351b667f772ce97eec66e4059bfadb133176f341a5241124125941356fa138a43cff7a136cb52e5661b8dfefa7fb8ba9909b70be5c2e4343ad0147355f51cad470c551c85286ca54389fce43c79b314dc7e2435e1f525e666b26479b866adaf1aada6d4647c46e33609a684be5e8d830cca7eebd88c7bbf722f6f766546f077c721dbe03a2f9ebdddb261664365617f29e982a92bc187d4ccbedef1742d45071834d500377319b5d86f6b7c7bd3fcbbe975c33e9b14767d9239a46b5c545d66734e09b87c041d80ec3d4714b3cf4a0e4ab50b242485d0349c61728b0cea2d61227b456039c6a6a2410dc6874f91242cc8410b7bc082655a1f38aeb22b8759534115045131a3112b32855b7af6c06d4cb13fb1b71de04ef79b62ed5e483c8683e792f9613881b887ac79df1f47813fc420ba17eebb2daf56072a200b7900dcb99e4e01e89dc271c05d71104f08e4a8e552f084701fc4873753736cb350296da73a51e03eb77f685fe571a8583a03c9e31908e4ab3ec2e4ce19093ab75db3d1df69825b44cab9eea2457183792165b1e058eb7fa4d0a09612735871e8c9d65a5b634167b02f215d3e47013cca61711e0ec211e5b440d658f409760441534821e45b642f26f009da6c8bab83ecbbc43185197159262acd40e6b8fccca2c299c63cff596d8ae9fd05479515050498d857cfb5812f2135a6a813a203478cc8465a569b1a54e8181b1968c4247551a5cae1d05cb1a62cb440cdb5349f4fa240c781e33ac04381df98771201d469822c0d3a2501827c3b06b76c4dd394da918982147af1ae5914805f45b2d4ba8d389b08814ff0648e78b429bb594e69b926e60299166211265ae2584c31f1feae3330db59b7c653237d0ad40ef94289340fda358cf66d3aba2b68f13efa8df0e0747aa14394a2ef21ea1d8c1537670805b426b6a8fd89a660437663dc9ab31c956fb21381b5060baedb1d8b21c060e919394c631d8cca0410ce0fd8cd727181977459947bab402f740868e0347071fdc1d982ea048cc213d7354029de66ade64cd69e81660cf26651e105f9ee786dbd3f70c42d4ea82e9b4c47fe740358aeb703babfaa9c2d98f36e66a493b0425cb28cf094eb02e0e171da6a254db16cb2372c55c86fca296323f8cec5d692d24a606c61dd47208a294160a83fab18a8914fb9672586925e957c60aa2c586e92d5e463009ef52ec2bb4b1fd11522aa6320e066b85735f4a950278904f4d7675e5fdc568eca5f5a03858a8efd9a41f4a8ea9eb337c8285cf8bd9e7b5888f7db0eeaa6a19955072c0640536decb8569bccdfa5a688d033af4e4f9a222191b9b869c9b864cd33d3daabbca4bb776b8c9b155362e9bdc7958e6f70ab86f06a3902670ee08983e2740652e527af4dc34f1c98f098207fbf7bc6f471ff72d349d879ce34caca6287244009d387a711f1fbda10596c427b43fa094f49e09d664d1508299e72afb9862664a553700433133817b6b990d27dd402fb66bf6ed8dc3580ed78cb3e63d211a9354d4a1cdbd3dd0db5ed32b01a3fdf7378cd98727f41e37f2ce7aef895cf124e1fb091b1e26cf1b90635f447aeb0cb24dda3c3f26d8ef6dae7127ffd35e7f3b8719714d367a613c866b28d1c7829d5a60b7591daaa288ff3eba7f57f3330ee4f1113034615e1d0e69058b492d4c75ef00c803c19e6b51cada0e96e46ebaa41058c545d121481c9d3ace6a2ed3766704aec347b70eb5b5bd63696316516a7b65ed18fc1f4b095a8c29dbb1b462b70ec5058863cf3a04df2929cc04b557b0b0575bdb8ec9385ea4d640696e31b3e9c5f5bcea4543da47e25a3c535c17cf14d7e533c575f54c71bd7ca6b87e7da6b8ae9f29aee533c5359ffd7860a7241f6d2e3453d8d012be29a5795d98d404520d0989101a7ff7019f5763807d4eded1b44454d5a2dba8b0b3716d3e9d98372b7f8fedbef8a885f2dce7173cd178842c8f8700f27e804e3c5aa441d0a76670f2b18ff0e67ebd5c3623469f752a218d155296e88ac6f3489a8fb65813bd2f0e465af3a101df3c40264c428ee066b60d789b1ec1bb27edfe5d91cd831ea6d66dc250f63cc66f9c8bd974694fe2085bc6375b7c5f5a4e5f9e3963a5044ca809cc2b70165a395b48982fb90eda57a681eb526b19add4599415a4a147d1d67bbe8d4092d1437d1a9c079baf4d158362851367ad319bcee6d78d12977364cde0e4861f79e6b3790f0f4df0d9b38f85c65f4aa5adbb6d10d87518ee6a375cfddc3c249ac7da1733f327f0bf33f439d41d6acb283ed6991fa17f526fb12ba809bd6eac55848caa5a46adad5a444967dfdb7ccc5e8c7a21df121ff6ff5795dbff01504b0708ed3202072a070000ea220000504b03041400000000007c556a3a77c445120704000007040000080000006d6574612e786d6c3c3f786d6c2076657273696f6e3d22312e302220656e636f64696e673d225554462d38223f3e0a3c6f66666963653a646f63756d656e742d6d65746120786d6c6e733a6f66666963653d2275726e3a6f617369733a6e616d65733a74633a6f70656e646f63756d656e743a786d6c6e733a6f66666963653a312e302220786d6c6e733a786c696e6b3d22687474703a2f2f7777772e77332e6f72672f313939392f786c696e6b2220786d6c6e733a64633d22687474703a2f2f7075726c2e6f72672f64632f656c656d656e74732f312e312f2220786d6c6e733a6d6574613d2275726e3a6f617369733a6e616d65733a74633a6f70656e646f63756d656e743a786d6c6e733a6d6574613a312e302220786d6c6e733a6f6f6f3d22687474703a2f2f6f70656e6f66666963652e6f72672f323030342f6f666669636522206f66666963653a76657273696f6e3d22312e32223e3c6f66666963653a6d6574613e3c6d6574613a67656e657261746f723e4f70656e4f66666963652e6f72672f332e302457696e3332204f70656e4f66666963652e6f72675f70726f6a6563742f3330306d3135244275696c642d393337393c2f6d6574613a67656e657261746f723e3c6d6574613a6372656174696f6e2d646174653e323030382d30362d32355431303a32323a33343c2f6d6574613a6372656174696f6e2d646174653e3c64633a646174653e323030392d30332d31305431313a34333a35362e36343c2f64633a646174653e3c6d6574613a65646974696e672d6379636c65733e363c2f6d6574613a65646974696e672d6379636c65733e3c6d6574613a65646974696e672d6475726174696f6e3e505430304832324d3533533c2f6d6574613a65646974696e672d6475726174696f6e3e3c6d6574613a646f63756d656e742d737461746973746963206d6574613a7461626c652d636f756e743d223122206d6574613a696d6167652d636f756e743d223022206d6574613a6f626a6563742d636f756e743d223022206d6574613a706167652d636f756e743d223122206d6574613a7061726167726170682d636f756e743d22313122206d6574613a776f72642d636f756e743d2231313622206d6574613a6368617261637465722d636f756e743d22363736222f3e3c6d6574613a757365722d646566696e6564206d6574613a6e616d653d22496e666f2031222f3e3c6d6574613a757365722d646566696e6564206d6574613a6e616d653d22496e666f2032222f3e3c6d6574613a757365722d646566696e6564206d6574613a6e616d653d22496e666f2033222f3e3c6d6574613a757365722d646566696e6564206d6574613a6e616d653d22496e666f2034222f3e3c2f6f66666963653a6d6574613e3c2f6f66666963653a646f63756d656e742d6d6574613e504b03041400080008007c556a3a000000000000000000000000180000005468756d626e61696c732f7468756d626e61696c2e706e67ed986750136a97c741452e02a2d2a44641e92d201d834aef2048ef1da44520d4805c2e82a149ef205da489a197e482200202520284508410420b480d2410d69dd9992df3bebb333bb3dff6d3797e5fce9c99f39f73fecf796b6ca8c57883f306151515a38eb6faf3dfb1858a8a9aea8febbf5fc7fcf2182a2af6bf74d49f9a8516128a1ea7afea7e8a33bded2ffc875aef0dcfc3c75a3f1d575a69ab027e49ed07fc7dadd14e8cdb91e6d395676ffaedb75e98d71cc53b8677a26498c3c643b086b1151f757568d3b4f3ac2ecb33f9a81eecab46ffce3d7fbdecfaeaeb0f310af7bcefdd4ce04cb8fa7f8894f205947b78c54aab5eadf004842b1c85f208ae7ad777332c4bce1f34dac0ac54c97fb154bd96fb3c27bb39893d6805c4395f24cf85d3ba1d9cf0d125129d02cf376f45417d9ec3f888201bd5d946eba6fded27d3d19929f2dc035b7625e7bc03cde807b0131971cb9e8fc8aa630581fa6bba4bb4c3620585da5e4f19d80565195a0a7ba8eb8d8419e3419583c064af274b471586bde9d7e1d44cef49dbccc9d8bf847e5ce83fce9fb0aef70f4f2a26248e996aac9cb04376bcaac80585999c3c2a8f87752e43ee712607051a89c7664aa42de5387d540d289e4f35b5ee4793b031e9bbe7117251cc0924a60c016a6892f301adb2f87b3a837031be1ebea5a9a8e8ca9792ef838d24ab79087e748b431683b8d775bc09eeb4501a863bbab6f16d5779fc2c0e5f4d0ace6f8e0f3ca33f769cd957050ea868fe0d8d839d2b3a70447bc5db6b1ffe321c7c482c1d943a99bbdf98b915ad6cdd4cbbd81505000877741c93fcfd8fc4b99011b8371f2ea59c58f298aba65b5b05262fb3d0e918bece0ff34a17b2f65ea63e5de28da9309c62d1983fda24894012213194d7b3afbb4cfb9ebd495ebef6bf69b2f52d590ff76e66a8add0309c5317cde93d72ff0de37e134e1f16ce16b7dd297c15fb9691896007d1522f3accace226dd450caf85ba956cbf2a5f3ae79898bf3e24df3aaf8f8ad16c4e8e0c97458c90b4e5b93eba47ab28b295ac0ced93acdf0c35a68c4b5a5f8a1caed7924fe9ac6f050f7249b0c1ea1b5d355cd19cb59b6fd231fa4d7fcf66f010e0c7782fd98c5517edb5cf4212b79133801b93be6c72ccaeaaa08950552934c785ac87f5e9da576939061d346207d224e705826d862298c5fd83a6064fc4158567e3877e6d8c7e2b70b762af5a2e236cfc7d422327fa5727e99a675ac3918785b06eb5fd444a2ce6f0645ee286e7a3a321b78eb97dc500d0fb7bf70b9c2695275ce5a7e4180d3e9d6f8d4e6dfb46775f02aa7a7aa42c6d5444f6724635c1d813e11780203140233fa66ee8ab120d84c17a4e9f6dd6c24fd9bf3c428c140989d4c5af0fbf55cc13ef226d67fac139c4cbee632a171476b9f30365f4f5f05d6757f65f58773ccf9191f1ecb3ba9d29e9527acd4ab39fb2fe59409b35ef0ec44a5722f1cf59321ac6337a330634ddad520af677ce46eb27f25d8dd5491555ca750b57bea064176edea525a194077a44e5f9b7c000892ffc72d88964b8c467fd8c764faebbe49db7459bc82f42d393c5697ba375bed09cfad2cbce0b478ca2c666e8b4c572a912efc269e16e2919cc21d01ba32fe91e217e32a0b3a7f3acb68010eb90c1760dd76a461415724b3c6a9489500f03f845766b5abf97e15c58b0d4b8ae5b29e9a16c1571935c368e1f8cd7bad1b3eb5c2f10fb38b94ff9e188f7b29c4b959a28bc596d71188106e349ce397ec3f8aec317fbb293c35924a04c7976fded1e6b87e1cc8462b70816f4dd09888d5d366e41d6c3e9aff5168e4a604f5961b0c9cb028c6dd2225a245c9ba549338b04e600742b842b45b174d020748fb2f68a1a2d73bec9e88dd3422b936158ebb6ca48953674713e7521cffcd875ae9aa5934dd05a913c7749976e36c946d3a1a58db4106f3476682e0c27683a2c64e3a0231b1bfb7d806fe14e51fdd50d24d3c648f8677f378790e36ad204bb28d1a4bb15ebf3b224705670627b07efd17568a54a611ec4a142cf14781a95ed6b5385502755c373b5aa15a3d099a8f847a49d1697f94fa3c4cfed0592ce4838c1c82d4dd99a5863b00e36ae6b41c04f0c963f4601c98e984f3bf4360ed28f0582a641dba01f94c6b3d59d7ce6477c4661bc1e7cf0e52d0f8ee1798b3538f735911f98602c7547d4d8d40bb51338cfcb4f5308bcd2bd9ca7bebe1daaa7fb12e5051706bbb117a178d5f52bc3e77af9bf66435ba73a97b5904deb8902725df3ae3edb028393fe0cbce5a0860b1b32cf73d2e8ad48167cec09227caab8158dffecd0089582c6bde80044b70c4e9d35efce5578fb451e85a66d2d538be68f42502e66643b9794c4c3c1649b29d4a0e33bf2d658bc3cfe9216fe8d87409e8612bed08c89223c103264d717c8d3ec8dab3c105dc4a7e387cc9f4122dbae4e916a271ec716cd9b4e39678efd8685bc5ae4f26ee8f7287f39cdf512809f017a1c22b6ebd1ea51324582cd647fa7a403c629a587f28dae17a1cacd2d3d7f5a59ccf5622a74d0fe75e4b2d9eec63434be6fa90a4c583e00f1e821398e00bc7c6e163e86850c510437a4efcd4adf86b8652356d58e8c22d1089fe7f95d6afae5a11ef6a90bfbe0786109cc80de823f439913f10902dd133b74370449db30fef99bffd5ce0c1284ad033b18e98ddf0691c6dc90edc569b6e35212916a7ea6cdb5e4a4637dfce7688a18b9c3733b747d702ab671a9391a77acb114045ca27768fe6c378488070364e035afd60893892229867087bd734a5dc91ba8f08ee865ca868aa2e6b1fee9ab6c1276af7050ec605c51a60487e745a81cd3c7fdc29089ca880d80e65c471fb3c63f9bc79ec227fc116685bda966784a9112cf4d20d4740493d560a5e012beb2754c47234f4c50aa74dc64777ad78f61f015c2b51865d04deccec08d90c547137bc44d5d979e850166967da14597c7f61d63c4d53700262d9b26fe9fb5cd2c64f073b5e5594953dd71d25f24ae7c6f836489b4032d7aeba484c81e9081c51188303918f98166b952c29f2b3da43a634b80ee613973d1d1b2999e315167010fc64db9824b15938f682b3b98944283eedad505d8559e8bf13e7cc8ae57f8f167c08343a12e16646f9370d7628a5f4c728bdcfe4d929a7b2d962ce7178365d5ef6207f21b0079ac229bded20ff1c64d3d43a5b33ec134b3937b05837baa6c7cb0215a00eb9753f0ecd574118bad8198a5d4c04e06666b5eedc479f361f95e09ee2a6de8eabd2a95dc1274cf44fd65772a8dbf74eea4b66f96bf082e67d58424c1a686518f48b900baeef30ac8c575ac374dd7d0250b3973b547cf3608bb571c3ea82a4f90948b31dc1f7da3fc6820f9b5f959c71cd36a75e3bac3c781be1f03a0f3ea44fa7d680257151e8c4c8666ae327fd63d33116fe57b79eca8e722f6454dec180b6281464920da854157ce194e4b4f7d292bb9299742b7646fd1aa33f6539b5c053f997ec2fd1fb059608b7cd170da115f5bda66bfecd91a02e4825a5703d4451b9e4ec8320fca687cd764db36794bfea6541cf958a07fb5f542cb59cdfe38b93dcddc536b9a986c8db664e2823fa5eb910cc9ca653cacf06729684f7e84baa25faefbfdfa606ad04b30c02bff0e945fa0bf5a86b6680d4321ccddfa8ada86cb0261f94227cf9e70df77f44ee94fb87d264d50dfacb7ad1bac7a95d57d1396cbc8b5c3fc6370e3c95ed58ff90e1638d0826e30fa513ff4eeed48618107a5e033580fd9a6e97e78538d117b419954437161fdb6c9b43ab0e57ac798d6f80cb7579df8159086721320ecb13c85a891a4e6396b7bf004c6e78e0dfb7eed773515bdd9aabc5cabdefe99db789c28ef4ba81989c6815a95e5bfb322a7b5bfd38d32b5518ab0403616a4e4e6d754ba517edcd560497eeb2db9594ac5b40374e9abf352de6c20ac9975643f0378ffa7f2396a8ec9e2d025b77ecf16943010b69ddc02f2adfb9a770767aa8d0599f837891f6b85d19c1f74cb88fdc2f968f6ecbefbf38b0958ff2be8c378aae5f7fa03851c9ddb234ef313f70b0efba3a8449b002ac424ade1d1fbb9e346df9ca8cfcd00fb5cd171484ef28a77144b56fe91a00b7086e0beb6e7ae6295427a0f058638d5233bde623fc9b55bdedc8d171e7c6586bf27365eff0c7566ff6d546f757e7fdb798cb958e653c285b61ed40c2fb8d6c16882c5eeede7b8a87a37b1ae0c4898e278252a8a211bd74c454ddf8d873d4fc17d18f435c38a7f04f2e22c53de9c667e7002653ed78729f3fedc7b0d80fd2769fd57a5f16d91d70dce700aa953b927b1566c5dc0f71c061f81f7f60682eea8c8eb7786b7c119a7bd235830861b15eb996b23928f5410266efaf69a21878fa2645a8002b56daf1886eef9bf74d1dc1df66337c1ab540aab26ad68cd1393c30f3d82088d3a767c87095dbc7a93776d5e158bf8078cf8d8e78566c5c8ff8088ded8e39286ba17741ed0fb7247fcd2162d33c4be141e8bf56cd1dd50cb3366d85b1a5d0fdc2c161a7551318420727cfc721d9df071a5d6be4ce5c6513c5ba06ae1d143dc31f0587ade9837dad9593f219c84640a1e22dc9d71d63c826cfd7678aacc4ca050a31dfee8d6c745e16b063ae8674a24b50e49d4753a67a5ee305b752dafb8f47952b38e66c511ad3f5ca746f96602f685e1760b254210e3a1ab75518659cccfcd914b51f6ac9225ba58c046a4f60c76de8853c167f7c214b502726b33fdb75fb577385da7bc26715399d5129cb04f7df469693959c17c30cddfa5651dafade7d1297c7d20105dddb8ba24d1e662fe96a3a3161b53aeb024bc7b3bda5b616d6c7b521f6dc99cf2284958a061a2f472d74e45e7fb434fe950508efa88dcb439e0d8c121714650d52a7d1b5bd1b8d169748818af2c734e090b13fb40355fce6a126f83ab21646425072bc1ceecefbe60da156aa32b993eff430fccce6af31d6985ac641481b8b6a8ea276906ef5493d36777e6e697cabd77b43db47f3bd6e56bdb99121303b53b93ad68f35f323fe39d6d82f8f60e540e6e9c3ffd1fbf0329d9eaa3ace9de69c1dce0b6042f8d409bb81a8b62b75aee95f5f93be89fef7fc051c54a727cbb91e64edf5ebc1bf386ef0bc3948c6263f23131979caaa1954b53e4d79e3bde888584378974032c2fdc873e3e42336e886ba3ca222ab064fb095a2da1876b8113056dd48441c13279877d0766a1acd1773811f1e40f4b1266e3d5e9579f7be94cb7384be758df32dd84f2ce66d077cecc4c7fd89e3c79d5b4bdf8e049d63369d296a160676e6d2b3d9bb71f2d25a299cf7bfc70bab18df418a24c722b81a3b172255eb414dfcce7cb2488afc6f4b2ec95d772bd8b4cffbe5b810591858bd18882b529216f84d6822d0e49f8782e61da5d50c92b774cbeead249265c907a4e4b38991f4d38cb9dd1f22cab04ee9dba685bcf7145b0f3a508af3fc3cfd2557aebc5a39320c0fdd8bbb2dbe87871bcb0059129a8401dbceacb7216e616fde5414440799beac4934b0b956f5644db81cb7ebfae923c8eabebe83a1a2ce675f7e6bc7b5cceb51cf3af418485209e129ea951e9bf1f329dceace980b3551e9a5e384d6ef51058c417c4ae461a5d9c459dcc0e885d3bbfb50527e78d3bde92f46aed02b5ca42ab4f4e3ca6e0d431cdb906143fe9be8ebea8615ad00cedd15741ac7bedd694a1640966565e3c28aacf53ba099a95bb4539e907179482d0d3812dcf8ee29da62bb11bae243bf18ed8bac704af128bf392899f55980d5c607d6d908b87f8af904a429812f5c57dbde30f286022446bead26350cc9d436a4151cf5e92e9ca8d50e59e0bad5079a8fda6b62431c343cab2d013aa601c92f963c594bc496a9579180021d72cc8c98c8c85bf47aa1de6b1bb1eaaa1d76cdf2e8f0a191759dd334b6d4b4b8c9734a9e1540d51b08841a4f708f207b246cc2e5fc9d15b6355cb229b67714d1709d51e5f3e4856f6b93b359f2e422a022ec2764442d13344a4d7e51679286f338e3cc9044296682cab69c897640f69d5f88a637b0e55fa9fdcb93c651a989cfafaf539fde58fdc658a75a3aad5c51401f72b3591f3f532edbfc97e3e4f6bbffe8333a93b1f8fdf9d4014d7b3bd76981a5381ed52767acbdbd62abeeec73823eadd7685f72f50ec44cf88810bb3c054d97b4a868ff30902b0bd976a0b3f43bcbc383d6c06820ac72522ca31f6899df8dd46b9c572c69aae6fbb57bb48a8d6ba0f3552de7b2ffd2f99892f9e7635f37b4ba458e6115a377983a17945e16143c49836db85483d1b8950c4d624ae4c85858ec601274931f6696fcc8f56a03a556a2753ffa361ff8f514b4fe7ca9e3a801da6e4900a850c516fbaab3918dd094d4b0850ad95f1089bf555d9c6ddf788464af499b636f91458c9ed3ccf27dab5ad58c40517a3cf956a566b8758907e16bcc42c42e30e9903a3aa27aa73e5cbc0b3a6387c4db5be53d6c57b21868c87d4ed7da2b6f77aec03e2da7a46dd9b7f285b8b434cebf08803d0c13371a82e2bfbc43efcca4e61829434640d93dbc9917fafeac2e7c9c8b18e1559414f8b5e71c2f74e499ff6dea0140a606c0476c84980fda97451767d48e9a4bd3d4904b338f532b661b77ceabe4dae47260fbd8dbabb028c957de62c97fc02f3795589dbc55ea2fdcb80c730d9997cffb0945f22f40b0de48892fba762afb6efe15f899360d4b66f290f7427dd83d0fece1832b6aa9e38cb7686264082e89f1feb61de962fd542020bb6800a79f90f48814683b1ad31bcbea788ebb5cdaf2ad7db3debd947fad9cc81fb94b03b4f4c422b6b7edef0c7c0a128d86240b0a07da351127a57bf57fc65f52cb151e61533abad4b4e82b1f468d2386da00ef902c5125b3a870ec11f70935cf78e8678f3ce1827b1bd732e89c880520e0baa4101e55f417f80bdce3b108f1a436b765d06a17f550ccbd90eb1a5e930db58e22f14a4dfb21caf2a8111e30d9f0c821d7c544bd9832d866594d38cef5846287060ed0ddb2d3b8b42e2204ae1f216d30b29f4741d7c8a1a6980b232aa31510c9174155a3fe73ba649b87bcb2e88dcd6df12fda9e718cd6bad8bff385b90e0d372299f73cd31f143fb33e0f19fa2ad6fc5270e8c7704446654a757bfb9d3878ae99bb2c403073c5bd9f726103b2f864ea4e6c34997dd54fa99e39aefdbc6efdc3d156de13ee8a947db1c591c316ba6a12ff5b48dbcdf66268eb5cf4ea8a9dada5474281809aff0a93698446d0475556b406f44f8e6d57c824838a07935702195d89300863e76f21248f554ad4967a73b29eec2b06045a38989328f24193e1dc84eec3a9fa263107235ad623551468eeb8b98edbbd981bfbd4aeb63f50214fa1cacd889a30509378515b8b30c2683418ae4f1878030fc67d41eaa0c0664d7af63f70902b51f0bd247377867085fc9eb69647b75de1ff53a3adb3c72eb8151038e380658cf99f7ff786a635b11a03f48bc94012924a6369db546582fc19ce367a21b48df3a0085605c192caccbbbf7abab1779113242291490b4444bfaacb5e52129e80baa4b0971f2b449acff280bc5bcfa10896a1c5e10ecc93ce2449de3bd4bbf6c59f85a7a5bb0f830e845d9a14a22dcb11ead35f3d414835fbf68fe4fefb3ff8fff14b197d4154651c6dea1f5ff7a96a7d2d130546f78e6f8e7bf00504b070814601c2361150000bd170000504b03041400080008007c556a3a0000000000000000000000000c00000073657474696e67732e786d6cb5595b73da3a107e3fbf22e377422e6dd230091d434a0f0d090c90664edf84bd804e64ad479203fcfbae64c8a45c5282ad27125bda9bbefd7657befe3a4fc4d10b28cd51de04a7c727c111c808632e2737c1e3b055f9127cadff738de3318fa016639425204d458331b4441fd176a96bf9eb9b2053b2864c735d932c015d33510d5390ab6db5b7ab6b4e59fe642eb87cbe09a6c6a4b56a75369b1dcfce8f514daaa757575755f776b5344239e6937d55e5abdfaa42c4574576436e8c53767672f2a99aff1f1c2d8d7c139ab3a0be8ac3cafdfaf55241fe53e106121b9ba3e5636bda4d402a6b2f1c66af510bb6edfb73cf4f5a1f2a60434c83d51bb348e90d9726a89f5c573725ec2fb50363e341ec138fcd749bdcf3b3cf9767c564ff0b7c32dd6af4e9e78bf3abc3840fa638eb434cf882e694c909e835052344014c0675a332384c475b3614ce34dc630cbba48f99d07b8baf242cad7019c31ce2cd586d0797db4369a116fb45bc1daf99aa8d22e406758be30227b90b7897975f2e0e97ba23492e2fbe1c0c68cd47024a4f1327b5ec947642fbbbb2c3a65e31d10d3406935d99777998ec5f88c99024adc36c8aaa180f75d80233d3449125723d9bcb92de407c2e2d9d37e3d2629141b5ddf6d39303ad6feb0108880cc42d450f0e307dcbc3b7b4b2ebf592a9b62fa08ab87f0dcd1f648a19aac81f29a6611cf798624346681ea42cb24c563acff788204d1f6cc300ebec590632ba99b175aa431ac47f1c44ac1fb26404ea1d670a68eb50cbf598c6cc6cab5b2b2c1608d4b724358b1ef35371271215b4b8d286dc803601509ab6f4192eea1e14652da82626a9026d7bc6d2e9cd056e400e08f881a39d812be0467ee22d45dc0c492ae86f4f79d2632928ab6700265b2f8765784229ef78ae3b1e1351f88895f3c376089e50bcec4b7b0a0dd136e1e90e16eb5a98868b4f0d2e995a04d53d4d762ce8c15e9b0226cc0ce620f2049c2652b541e1c17e271ed456407e30ce390151a07528e38660f259b750592e6a321165c215305f900ca544e334ec66ee0309a8832cee038b518a0d289693b3b64c2f2bf4101d529b207c9c36e9fa36a7e3964c74c8232f1d4198a662f1a841dd32c3ca17dfb24d80cf841bb017f899df7f746553a0f6d1f05a25df058e98b85d5eddd8d6c30761b7f51d9d77a83993bd4c4626f39586a1e01349e01d184c7ba8f97b6a0af0ade069a85f1b8f504694db103f295aaa5a62e1ca9f8f383633a5e8982ca82d31dadf01662adae09afcca600fbea45885ae94e6ad1a71a5e5818962e954b76587ebf5c9b60c376ef1014d93a5265370abd8ac3bfa5f77a52de61e94392aebe3ec0ec047b7b3ac5d0f9b83ddfe87e064b4d8bc90102acf9ac7a08630374f747e5d4961a51cf0d1ab6ae88a78e9f93d908991b736cfddaef89a5674878de095fdfc448a522a01d781fc65fe2d5ebedf4ed9a11918ea0acb0fdaab4b2ba0a57e7c7224d1071a21ac6ba131ca76723449b6d0cb51e5c391429d52cfef4bfe774bacef644b818e47089c391d34a036998c4078287c7fd61f9ab81326e32dd376916b5577f03f326df87861d3463f7133bd673263a2a1803dfba911ba0f7638788121e6a5d063e6103113c656fd899ff459b2b3f5c57e9bb3cd9dbb40ddf171614a345b51a05164d6a62275c1e765cff20663020d163d4f146672e77d5fd9282f56dd6d9be3ae4cfd0ccf34e946cf9618bd947b3927dc46f00b14d2e4f697a1ed83d7d8ee1ababaf171b7baebb377fd37504b070898828ea4f5040000381f0000504b03041400080008007c556a3a000000000000000000000000150000004d4554412d494e462f6d616e69666573742e786d6cb5954b6ec3201040f73985c5ded06655597122b5524f901e80e0b183c44fcc1025b72f8e94c46da3aaa9cc0e2c786f183cc36a73b4a63a4044ed5dcb9ef913abc029df6937b4ec63fb5ebfb0cd7ab1b2d2e91e909acba0cafb1c5ea72d4bd1355ea2c6c6490bd8906a7c00d779952c386abeae6f46d37a51ddc0bd3650e785f154dd64d06959d32940cb6408462b49394e71701d3fbbf854c1098ec46ebb27a75a4e3ef7c9983a48dab74c30f1500cf7296fdef57a48f11c1b2e0592a4843b19cbe0a55260204f7d142ac5389e3c27b7b8ab88a0375e121482071f52c87f462a848f7e8880e56e7a0cbd189cbc37c5e0daca0150bc6ab2326051c783ecef6d04931bab8727cdd554f0b7181e948f0d4a8cb57a179efdf4bf62fe9d8b743280b3632d909cadf16cf7c9ee9cd406055d863cb8616ef8bc8905a2fc4e5e53bb123f9ec9f527504b0708658248da4401000061070000504b010214001400000000007c556a3a5ec6320c27000000270000000800000000000000000000000000000000006d696d6574797065504b010214001400000000007c556a3a0000000000000000000000001a000000000000000000000000004d000000436f6e66696775726174696f6e73322f7374617475736261722f504b010214001400080008007c556a3a000000000200000000000000270000000000000000000000000085000000436f6e66696775726174696f6e73322f616363656c657261746f722f63757272656e742e786d6c504b010214001400000000007c556a3a0000000000000000000000001800000000000000000000000000dc000000436f6e66696775726174696f6e73322f666c6f617465722f504b010214001400000000007c556a3a0000000000000000000000001a0000000000000000000000000012010000436f6e66696775726174696f6e73322f706f7075706d656e752f504b010214001400000000007c556a3a0000000000000000000000001c000000000000000000000000004a010000436f6e66696775726174696f6e73322f70726f67726573736261722f504b010214001400000000007c556a3a000000000000000000000000180000000000000000000000000084010000436f6e66696775726174696f6e73322f6d656e756261722f504b010214001400000000007c556a3a0000000000000000000000001800000000000000000000000000ba010000436f6e66696775726174696f6e73322f746f6f6c6261722f504b010214001400000000007c556a3a0000000000000000000000001f00000000000000000000000000f0010000436f6e66696775726174696f6e73322f696d616765732f4269746d6170732f504b010214001400080008007c556a3a25f298b7de0600005c2000000b000000000000000000000000002d020000636f6e74656e742e786d6c504b010214001400080008007c556a3aed3202072a070000ea2200000a00000000000000000000000000440900007374796c65732e786d6c504b010214001400000000007c556a3a77c4451207040000070400000800000000000000000000000000a61000006d6574612e786d6c504b010214001400080008007c556a3a14601c2361150000bd1700001800000000000000000000000000d31400005468756d626e61696c732f7468756d626e61696c2e706e67504b010214001400080008007c556a3a98828ea4f5040000381f00000c000000000000000000000000007a2a000073657474696e67732e786d6c504b010214001400080008007c556a3a658248da44010000610700001500000000000000000000000000a92f00004d4554412d494e462f6d616e69666573742e786d6c504b0506000000000f000f00ee030000303100000000);
INSERT INTO `models` (`id`, `modele`, `type`, `name`, `size`, `extension`, `content`) VALUES
(3, 'Convocation', 'Document', 'convocation.odt', 12755, 'application/vnd.oasis.opendocument.text', 0x504b0304140000000000ba556a3a5ec6320c2700000027000000080000006d696d65747970656170706c69636174696f6e2f766e642e6f617369732e6f70656e646f63756d656e742e74657874504b0304140000000000ba556a3a0000000000000000000000001a000000436f6e66696775726174696f6e73322f7374617475736261722f504b0304140008000800ba556a3a00000000000000000000000027000000436f6e66696775726174696f6e73322f616363656c657261746f722f63757272656e742e786d6c0300504b0708000000000200000000000000504b0304140000000000ba556a3a00000000000000000000000018000000436f6e66696775726174696f6e73322f666c6f617465722f504b0304140000000000ba556a3a0000000000000000000000001a000000436f6e66696775726174696f6e73322f706f7075706d656e752f504b0304140000000000ba556a3a0000000000000000000000001c000000436f6e66696775726174696f6e73322f70726f67726573736261722f504b0304140000000000ba556a3a00000000000000000000000018000000436f6e66696775726174696f6e73322f6d656e756261722f504b0304140000000000ba556a3a00000000000000000000000018000000436f6e66696775726174696f6e73322f746f6f6c6261722f504b0304140000000000ba556a3a0000000000000000000000001f000000436f6e66696775726174696f6e73322f696d616765732f4269746d6170732f504b0304140008000800ba556a3a0000000000000000000000000b000000636f6e74656e742e786d6ced1bcd72db36fadea7c068677a0a4d4b4eb6b6365627b5dd4e3afec9344aa6b70c4442121c10600150b27bda77e80bf4eae7f09bec93ec0750a42851a4608956944c2fb288efff1fa0e0d73fde450c4d885454f0d356fbe0b085080f4448f9e8b4f5a1ffb377dcfab1f7dd6b311cd2807443112411e1da0b04d7f017013557dd147ada4a24ef0aaca8ea721c11d5d54157c4846754dd2276d7ca4a5794be67cee416b948adc99d762536b80bb478e02ed92217a94389a7aec406179c5a241f0a57e23bc5bca100af4731d674498b3b46f9e7d3d658ebb8ebfbd3e9f4607a7420e4c86f9f9c9cf8169a2b1ce478712299c50a039f30628429bf7dd0f633dc8868ecaa9fc12daac4936840a4b36bb0c6a5a8aac9c8392326a30ad704632c9d73c3222f86f728740fef5158a48db01e57c4e4d8bf02a0fdb8ba9ce7828c5c6519dc05570592c6ce66a6d8457a2144aeaa21480bd4aadb393c7ce9a7cf05ec692dfa54524d64013da8450f300b728f8b6895d300afed03864726264df3c4378e5015041d3f05e7c82aac64fdfbd5e5fb604c223c47a6eb913dca95c67cee1969825069e92b5f9258489d3b66e8de30215a9d5c4a38c4b918c0540796836708adac2207df54a66f48fed542b3c65be8f69d562f6bed695a283f5f18428bf78638205e4802a67aafd312cd9751fa6c143f6df529a88faec914fd2622cc5b086a32438d28bb3f6d7d8f63a1feb384972eb6d0026b83ef8d08279242e648cbcfaf177f957cd6145d6329c5b45276116985e098ea004a768225357d7e9dc86b1a0d12959a81aec509baac145c4675b67b7b05df63aed6eb966239a8a5a654a96dd4fa486488395ea1d01cf28ce2cfc92dfe98587b2b7d52c071f1c8bdd2245aa7935f5555b3759c6808b8a68167f9e4e5663f172c78d7ce65cdb48eb1c42389e371068005b349b30f5e4af5b310a629676ccd3ec88b25b40aa92954e450a49a29fa27201fc77ac11eb3ea4193c1bc0266a62f237729d4585b50bec692ce2696bc879e1b621956da52506e29e516ad6cb76bcc5c0dccedb46077438f1a3134275a8a9c75006674047a43ebcf58de264ad3e13d68ce47c0742a244cc02166aa50245f81ef5eeecc7733877d63fe7bb5074596ad4d091d8d619334102c74373fa5cac0ab6917bdb3823a47b0f4eeeefbf7ced22f002e66dfbcabecfb8a83f2c31ee4748147c24322e19c4dbcd99b0c25180d2b50a63434474333f02b3002c1041c9ead44fbfdab8ed5f1b7debf57a700179ceca8c39fec4135e46ba9f554434c826df336d57706cd583696d729f71c5ecd7fd3cc6f1f7e83b3e3a426daebebe149f970f29ce9b09af97366c346e7b6af291b360aea5641db3624cd1c40f7382479f1c908b3dd16e8a2ccc60bb49afdc6d9d0cc297d6ddc4aef4abfd8d1b0bdbbb3b5d258ea46d37f8fdcd8cc11bbd13662080792e0cfde800c852446a7d13fe3ff0b8eff3d7c91b0cb24f96704b924c9462f36f6f2dd7ebbe6dcbf41323b0bee97b6d9869beb749e5bbbf093a2bbf4d28eb256fada545f93aedba55bbfb4e17170d56e5e78b9db50dac2ec8d0d5f3abaa55dc9c69eb17dd95d7069d23da502e743c55d60a96b3a155d619fe82eaad4d55c6d2b6d3fdd6596deef3d49e686bbda912c3552dbaa61579411cd9e8bc2cd2d37ab114c29ec8d85a47f8222982d6f4d16f126863a986345340c59fef65426dcd3632992d1d8d4972423f83eff99730a5a9cb60a481920bd84e619784c422f1f36ca24b4c76844f369972b100b800ea5883c2de2125412b6622217ac9c933332d42b109639583f180d3dca872c213c209ee0860fd5f68e8e302b017c26d2ccfd3c244c4ca129e9b197de7ecc0f4f8bc1f52b6f17cc000311dee70f8655e1fa8f8c4cadc8a8403d1441a20abb47038c6376ef854441e4bc4884a4a08cbd6da9c81fa95db30b0fe545649742aa6286ef3d9168db7b189918671db652709a956f1983edacc4c639ab253c81593fbb9cb11d17538cdb32394f6f87da08567b2d5190cf434a5858b79cdff3c290509ebe8fcd6cd3d2b0cf40e9a36731c002404121410c23f5f890de682be866387c52c4aefb0d893cc7ba4e6408e0a6455e8bc84a4caff43c3eb064412417d1271c6892c8c624be938f0fbc5e6a0c45ddbce0333aa18ceac70754275b01b2b695d4b4fc3ed592d489d606a169a99754d9a4520806d22dd1300a4514612a895af2b9857e9a439f4f8390684c19abd0600ecdebbea2c4e394bc78ea2bbc1ab0308d07fec2d794615ccde1ddab4ada5d71dc5c8e5f033dcab45031e66578bfd32a077c44747d71f42aabaa1c3a609637725061ad36e829c8eb545fec29bdd55d68cf742e2a5c6ed44d2bbb3ebf3a8de4f19352ba19912e72ea4aa71efa43ab77f3d3af177dd4456737d71f6fcedef4dfde5ca3f30f681680159d7429d2c5dd44afbcf3581d6ab4b55d2fd740cbfe7ccede809eb186d7f2dea4d65e3804609d8bdd0370c1913956c099cb38d90ed437e6080693125d76da9df641fb104116a65f3b26ffcee0e4817e012f3d3e48cc2cc99980d11a68880cc445a102ff3e91926a389561e0f802dda6d6639af9612c3807f718cf4c4462a63925729ee2b03ca0841b1813b400c04a991d80448f7f9b9486a025dc1a90a027a4d786159229f14742114e24468c9204819a6693430994ac430c8fdda254d16897a6bf6b7f7eb97e3e140f04bdf2e1c16140ec327f6f6468f6bf09ba15904510020cf974470e1a50a228e6d7427a1a7f0412b291bc70efc5db37b21736d567f5a314a41d44c3509adf6615e19ada7f2c44a6722362f6ba89542e7ed8664a7d3968c39b86359b9acb0b747ef1ee43ff02fdefbf7fa1ab376f7fbb7862cad76fa3d7419fc3da660e00af5c76c9cb67b05ecdf1adb6c1c4f3176de679fe94be5dcb9e96ff79baf77f504b0708f906766d310800007d3d0000504b0304140008000800ba556a3a0000000000000000000000000a0000007374796c65732e786d6ccd5a4b73e33612beefaf5031b5b94112657b6269c7ce6153936cd5783695cce69a82484842862458006849f3ebb71b2040880f897e4cca39a42c74a3f1a1df0dcefb1f0f79367964527151dc45f1741e4d5891889417dbbbe87f9f3f90dbe8c7fb7fbc179b0d4fd82a154995b34213a58f195313d85ca89525de45952c56822aae5605cd995ae964254a56b84dab907b658eb22b46d8d8ed8639dcadd9418fdd8cbc277be97afcc98639dc9d4aba1fbb197941a7e1f68d18bbf9a032b21124117949356fa13864bcf87217edb42e57b3d97ebf9feeafa6426e67f172b99c19aa079c78beb29299e14a9319cb181ea666f1349e39de9c693a161ff286908a2a5f33395a3554d38e55d5e376b4473c6e075493eca81ced1b86f9d4bc57e978f35ea5e1de9ceadd804d6e670f4034ff7bf8d8f882ccc79e85bc27aa4a242f475fd37287fb85101e2a6eb0016ae02ee6f3eb99fd1d70efcfb2ef25d74c06ecc959f6846689d7b8c8fb94067cf10c38087b443775dc122f3d28f966265929a4f64036e313146867e14f4937d41f039c6a6a2410dc68ce0a25cc301266b8e5bb685227ba20b92ea27b97493702b2e886268ca42cc9d4fd7b1b017e79627f23cebbe83307b4934f6c3ff94de4b48826e0f28e35e7d9f12efa9e9642fdabc56717a3c98968e4275b5630c9c130d2c89b9d3ffea1faa2f9e4139552ec07cf0e997a0e2eb94e20221ea9e498462f1df989e7eb4ad96b4c3e89e5e4e3e0c15dd6d1f77e39c0df69a12e63b35c2360a93d57ea25b0fe6032a505ed01d450bee1f13fb1bfe81f95b9efa04e029e311a392acdf24b9866435155afdb76c5614fd9865659ddc438c935c6ada4e58e2791e3ad7f9352429c4bcd21beb094afd48ea6624f40be629a1ceea2f9f42a019c3dc4638ba8a1ce1028cb8ca89226d014909d90fc2b40a719b22e6ecf323f228ca4cb0a5968acd40e6b8fcc5a2d19dc63cff58ed8366b43331578414925351a0af56349c84f68a5059e01aec153262c2bcdca9df74303632d198516466930b97614ac23882d17296ccf24d1eb1337e045ca30f5623b1a5ec6817418a16d034b8b52a19f0cc3f6ec88bb739b4a31504381563587272213d0e068594161dc088b48f1af80345e94daac65b4d856740b4b1b69161251155a823b7cf8cd5f9f692896e40b9385816e0506b74499040a0ec502329fde945e3f4ebca37e3d1c1ca93ec8510a51f408c59629630707b825d4537bc47a9a11dca8f524aec6049bb74374d6a14075bb63b963057478a220194d53d099418318c0fa39f73718e977655524bab202f74086120f57071b5c764ce75024e5109e051e02a5fd266ea2e6d4754bd0671332cff0afc072c3d5f15b3a219eea9ce934c57f634735077b773b7bf46bb973e86dcce592b60b4a96535e101c199c1f2e3a4c65a5762d9617c48a993ec3a496b1d08dec70ba16124303fd0e72393851464b854efdd28309b67ea787c34a2b48bf3056122db64cef70fac320bc747078a0f5eddf21a4522ad368305738f36554298007f1d4445757de2f8ca641580f8a8305ffb041faa11418ba21c36758f87331ff732dd2631fac4b592da712520ea8acc4c27bbd3085b7595f0bad7122829a1c2f6a92d1b129c88529c834dbd3a3ba945ebab9c335aeadb471ddc4cef322bf57c053231885348e73c161fa8c0099b9cce83130d32424bfc4099e6ddff3b61d7ddd8f50749e738f33be9aa1c8110e7462e8c5536cf46f5a624a7c45fd034a499f18604d140d0598791fb4af57a6a754be00188ae909dce3d67c38e8066ab15dc31dd096405b0e63c659f59e108d4a6aead0e6de1a186cf7f45ac068fbfd07daecc32b5a8f1b7967adf74aa67815f7fd208479d2fa3bbdf769f7ef0c3bed05075128aecd6bd4edf47a79dbb4acfa5802dc04f0c345671777c7efa6cbe5b2bd5df2ed2e546b80e6ece435ce0a3fdb515cb5ed306264372a83561d466262a186c67bdcae0e7582c6bf8feeefba97c7e1203d028626e46abb20ad6429f1c254771e411e08bc428b4a7a135a929bba09e8152a8a283b04896d5cc7cf9ac1deeeacadd6a5b6b677fcdda84554da8ecf1d85ffd752a21663c61e5956b35b5fc405f089403b041fa929f427de2a5864eaad6dc3e41c87ba35509a896a3ebdba8debba3874fa485c8b378aebea8de2ba7ea3b86ede28ae776f14d70f6f14d7ed1bc5b57ca3b8e2f9df0fec9414a22da0155258d0367c5b49f3d231f10452f7371b6898f0771ff0b8ee60ecd3f623cd2a44552fba8d8a34bd86793f0bf7d8ea8b0f6c28cf7d7bc31b8d47c88a740820ef07e8c4a3461a047dc70c366df6838099f5c3e6a94f3bb590460b19dbe89ac68b449a2ff6981383af1f465af3d103df5f402674428e30d4593dfc1a3fa7b9addbe27153d06d7b2209baf15e9a1f566e9fd2aa3ffcba18becaa571d1be1d677c5b84adf0c883b7b2a3c4b11f93f05c502f0d3ed9b460b4f87c835873e53c4d33efccb28291772745b5dd61284ab685bf8bf4b4a30d989ed1d59eb6ae1b2972f2fcfed56cb7fe7da985b57a303d352f36109990d308beb5fa3811b802519954121df6e287ac3eeb62c681c47984fc776ae3328fa31ea6961b19ca9ea7f84f401673372839c28ee1940494e5f4dd992c501f0249461350075c85d6e95048181eb98eda0f1c038f1bad65d4736751d690863e61b4bebed91c4d727af0b7c189a9f9365c3328e626c75a1bf3e93c0e864e5795c89aa19b223ff2c4f3b887876ef023451f0b4dffaa94b609317423f01d6f869b7f36cffee6d3ca7773f35fe002fd067597da318a4febe6c72cbca95b6c31d6a4d67b14e83ad458c72ef35ebbb456dd7bb1f19e06ff2998eea59a42d1ad0c3521a7ca8bf037af1751d2d997fa507f3df162e1d545b47425b6a9265884eedf9bf8c6d2797e66376c5fcd37e083e91eeaafe58138938f7dda24a7472deab13fbe8b0838e57ce187ffd878e9d22f1c16108e3f78f2a221bbaba0053c6cd73a95e72fdab69aff1928bbb157cb2cb3fe7f8d79ff7f504b07085e16207277080000cd290000504b0304140000000000ba556a3af0b7e5560604000006040000080000006d6574612e786d6c3c3f786d6c2076657273696f6e3d22312e302220656e636f64696e673d225554462d38223f3e0a3c6f66666963653a646f63756d656e742d6d65746120786d6c6e733a6f66666963653d2275726e3a6f617369733a6e616d65733a74633a6f70656e646f63756d656e743a786d6c6e733a6f66666963653a312e302220786d6c6e733a786c696e6b3d22687474703a2f2f7777772e77332e6f72672f313939392f786c696e6b2220786d6c6e733a64633d22687474703a2f2f7075726c2e6f72672f64632f656c656d656e74732f312e312f2220786d6c6e733a6d6574613d2275726e3a6f617369733a6e616d65733a74633a6f70656e646f63756d656e743a786d6c6e733a6d6574613a312e302220786d6c6e733a6f6f6f3d22687474703a2f2f6f70656e6f66666963652e6f72672f323030342f6f666669636522206f66666963653a76657273696f6e3d22312e32223e3c6f66666963653a6d6574613e3c6d6574613a67656e657261746f723e4f70656e4f66666963652e6f72672f332e302457696e3332204f70656e4f66666963652e6f72675f70726f6a6563742f3330306d3135244275696c642d393337393c2f6d6574613a67656e657261746f723e3c6d6574613a6372656174696f6e2d646174653e323030382d30372d30325431363a31313a32323c2f6d6574613a6372656174696f6e2d646174653e3c64633a646174653e323030392d30332d31305431313a34353a35332e31363c2f64633a646174653e3c6d6574613a65646974696e672d6379636c65733e393c2f6d6574613a65646974696e672d6379636c65733e3c6d6574613a65646974696e672d6475726174696f6e3e505430304831344d3539533c2f6d6574613a65646974696e672d6475726174696f6e3e3c6d6574613a646f63756d656e742d737461746973746963206d6574613a7461626c652d636f756e743d223022206d6574613a696d6167652d636f756e743d223022206d6574613a6f626a6563742d636f756e743d223022206d6574613a706167652d636f756e743d223122206d6574613a7061726167726170682d636f756e743d22313522206d6574613a776f72642d636f756e743d22393422206d6574613a6368617261637465722d636f756e743d22353735222f3e3c6d6574613a757365722d646566696e6564206d6574613a6e616d653d22496e666f2031222f3e3c6d6574613a757365722d646566696e6564206d6574613a6e616d653d22496e666f2032222f3e3c6d6574613a757365722d646566696e6564206d6574613a6e616d653d22496e666f2033222f3e3c6d6574613a757365722d646566696e6564206d6574613a6e616d653d22496e666f2034222f3e3c2f6f66666963653a6d6574613e3c2f6f66666963653a646f63756d656e742d6d6574613e504b0304140008000800ba556a3a000000000000000000000000180000005468756d626e61696c732f7468756d626e61696c2e706e67c59669381b5ab7c775a0a794d6d04155b555b336c7a15153d5d012456beea138eaa03124afa821084a1d5313f35021da9406419a2a9a68d1c94c104325455b620889124264707bbebdf779ee7dee87f7bdf7ae2f7bfd3eac67adbdf7dafbbf326e39da484b9e941413139306d95a3bff5c9bc4c4f688fd22f1d3db5435a48b89c99680ac2d5c63ca58e56fa36aed8f771986bc2dde7b4c977086b4f715d10e7d518b486cb42fbe7e6365c473f204e12a2129e0ec97be379c771d87fec09c4fcbcf4688daeb169c4a6e7e2504a5c4adf22a8e248b7dfdb8db16b757ec90b4b5f4e73d4efba2ae8e26291fb9f4c781ff5b4c2c75ae83aa9652f7993d62049a3e5364dd8b760fd0bbf0528ba5b20a6e351a06b16263d472d51e8421620e7d3cef3b1c6c5a8ca87e993e9e1d573a38a8a0fefb933e5011f577d127852e6baa41554e7741186471fe3a37de6368fd546e031adfe689a83542314e4518e1fced3ef95f0dfef2be0d8af45e010eb6054143dd1235b28b031507a22cf49f5313cdcc573f8f86f77118c8e1c450ab3b8ae93bd487efeed927038d18b3269e23f902af91f2372b0be441e529335b27e81c5d60a9a6f6fece6be73b30b78b80da04b7805c70de9f7385f8c38fe4500a3d06f564649566eaced0ca669bb0be5e2755ae6fa29ebaf05a8e723b13c4d6136aafc445af887b6380a22bd1a14690784cdff4b1d17e0acb175338ed4fed9a3a39db4b9416b3161e38fff817ebc01667bbfe69b2e980f35bf301da850f67cc247f9bd07bd68f27f4d5686d2d2fca8e18fc63991f196971b3c2cd0bd7406f20100cfade103fb82afbbb95beea0c452177500eababe5849f3b13fb172ff0d019a6b6fb6ae5fb1f0f33bce9a643f86e4dcf9911b3b7f7ef2ede8fff12eb908bbaa15383da7c261d5696606ffa25f9fb14e6fa5a917a84324ba34f2ab3024b26fcf861fbee2297efb116ad54cb6c150614a8010709cc10dcdd8574ae931df8defb7aa6d1941b31cdcbc830b88bab06ed9c95bdc4b7efff8617a0b7c3ca39ebb11ad96b6f369802de266febc4d551b7bae99ea9626a95eed24bb3e118c5bc83342527727c0ed42129c0e22592ee73f05670031b874aebd32c2fafbac7f89450e26a290daefc4e07aab32184bbd38e86d63a5aef9d5a772189d2860a362f015a35f7605678ac0c4e72ee4e6a6debebeac3f379ecce752b79fc6f80e655648c29403434aae4bb437727a69ac0db04c6c0e7b2f10f2dfa0ff391af1fefff731a73efb4db03f466db41f11de44e277ebf61057ed7e37b3edf44582dcdf7b976a6a58fd1d6315ee0cf84c270bb8e42b2b9534bc65ed80ce56d333a96cd6d041a46b8af6a4aced7c7b2af30c74d6aa0739866f6714b3cea8828485e609892ee8989894727a9ec8328ec313913dc21937ef2c53eacc44a52f57fc2edbb4e5e15920c2bbdaabb6f354e2235334279a9e35b5ee5df2f65fb2e96fcb5996dccd871b75e503bba96cfd5180e6058ec7e7167e311544bdc930b99c9791fb75a627aa1e9ec472abd2ea130e3d5402c771f91513b434146ea5c5ccbbb0eb6ac5cbf4c79d4de53c1e5374da41df0d50d5e5e781a0f74c672caa254cf02fc7e2fb431380905a32b5ca76169ce2b3aedbf08633d58859b1f729808cf4394dc70893c5ae631f18c5b9935f147a3b7e49dc1e8b1b60022aecf5d7815918375ac4568b7bedcc9be62349e7771cb046b30d2a654bbfa494c989ccd61cca715538de4dd800bc66a86a993b9e489918185b27112f2c3507c7e2b0f653589bb5798e6271713f9de35416a47f8d04f3f8d82aceaacfecd35ce1fd1eccb23d076ce8c28cc8cab880337b3af25e4507fb4e31fc8fc8f2fa0ab38cbd3e4b09bcc35e658a4a77340936a8e57502d422318a732fba8528ef645fe42b101cda13b6cab48b560b97b6e7c69393a164c7b55fe84d91ca0357a736ae0b209eda67e291bda330504c1466f67df35f73e326563a0c23f18d24f8257b5b22a5db844117a3d6a577b78a8f6f62d4f85fbb6728cbc5b85868381da7a94df4fe37ae123e11db0650c1994350a8fcdf58a947b8604a9175c3b807db11ad3e05b4c590f9b1945cae70ab53eeb8e62bad4067e5611fab0cea7af0636abf38a4a8901d114b5b2330267f5bcff749a7850bdd448c9d06c2fb006b9e04ebceda67ade3a6b6efa5861d1cff058ed8c305f118a930bafdba1e5455d21674b114d2b16d5dd39fde056007894366e0e57399d3a5954f1786d4cdf6ae98605756837e3cdf6ad5d08bcb8b12c2287506d7b07a0b41cda3c86f2d5f074298ba6947b6c8d9ebfe0cc18ffddbedcb05168878fb7f4820ff66ac24ce3a723bcaf505a2e1b4cba28c61e6f08f7d4eeb33cb16accf12c0cc1a950418d4f5ad9cb99fb9cda550bee19d9a73e2035fb2146f275a542db9f67447a05b74466771529337c679a1b4e3d3c38c660195c9a26913cb922117f3eb8ac67e73869ab6cc000dcb507dfc2760b220e458c06c7502279a6e623cf216f962d63aa1f1cd6bf936cab01c736232ba52363309781e3ceb4cc9bd6008001cde3dd1e5065bed548d610f009d4cb2d4395d1ee68a8e3af310152f6d0c96c615680024e1ba04426e0ecc1c1fcd8f8198968d6a5fc8e70f20910e7690d21acad173c3338d5ccfacc2ba4b6337703ec683515da741f2455e9c8992eb353aeab0e53d75ca368e42de55d84aec75ecdea5dd127767e71262d629853b4f50b8203ce5e9ade7d4de0926f02b50dbf1117c8dc0d0d0aef1b7c3d3f347862adfdfe8a17dcc7359954d8942a7f12195d69f61dff552c221fa67add6f32c84b7ca90f7f79e6a626e1ba3310fda66b582128e0761f310af96cd7923ed57911a01afbc1472a65c9def18c818cf0791b91f7889a70a25bf450c9fe0fd6e6bd6016b7776917158c13dd7d1a0acbbfd44409749dbd5eecb5a61bb6fddaf866a3f687a5901014d3e75ced4e7e608899bb6bb61f0978cc4db8825f1e2ab3d2dfadd43f1e797a8058b7e8475d79361972235424cc2e6d415c78d6898a2684cc9529d1c74fe32565c1ab7c79093df33bfcdec81c4add85524fafcb8de24dc282d3d90f660689f573864151a1ba37274e810fc897fc36f157c40cfe8a328e0fbbc08e563556f71b6ae6dda1e2344a3ae222f95bac59d11309efbcd3fb10c7f2a2e8f3afc33e3aeae32af5295b8faa0859b1f997e2a692d2d97704c0f13fd97f1592fc697043ce84858c59ec623382b286285301bbec2a9fc2f17f954621a2edccf77fb921504c49a7d16cd58b1ba1feb485fef1405885da44f3572c60e8d5cbb12e9dd8f21e999a25ca9503089d92b1a6611a2784ded36cdee26b96c2158cb6d7f98d6c784c7e88cc2120d4f1a21a88f8282d02cb24533e99794d1c1ca9670df65e77db92920a46114dbb4555e024c198b7846c13b1780e39e532d1e9ca45373d1604f5008f1436ec2fd546938fecc0593b45189b2e266f13c325352913c4e7a2c25e0960d54c85c8c9f7f0865a8c0d7d01ef0628e76985a7a11c6eaf7ce9a0cf3fae3be93239cf9d24c7395a3bc77289888669195164987027e15bdb63df745b0efed03926e447f571815dc2645ce808f9ee13e8f4f51bc45bc9d975f5939f51c277756d4877f359073c02bc45aaad59a4457672957aa01fcfd7acf40f96b03abc564fa4347b038c59662642bb1f50b30a1d4abc05dad7cf6562c6ee5bc58c62a2c2dcf4364220e9b4ef87ec3fcbd3b1c460bea907e07cedb1afae210363f4c4e6c5c0c61781d6e31ae2591091573cd5b0c9b3807af1a5a28be01f560ad2c4c57947d15800ccfcd894e0380fe6844eb52eff6435d6d2e0436d9c1409b068e868f4b1a9435aa94f14390c6ca725f62b3445e9da7f278e7f635b50f8507ecf41bd58605610a6b313f001a9ba92edf7a87b27a12ceeee7e7a783a44e06b726564befd8511a8e859fa4676599cb9a3ace0cadf71d492eb4f33965db2a26a7d7be8e128845ef239279eb1ada939cf487fc5f20984df9d91bae12f37557215bde5500bc7c1bed7cc3d1adbd60678e7597c6ecf59f53e65606f1c1ecd8ed268a3cc2f5f96cc272493a51eb4294b4da20edee7c4bac27598db9f54caacf6bce9597d599318d326f3437fdb1b2bf155f99f94698d818d9a38af47496985e7f16140fc499fe979778811353a1113f83631a176f6dc5bc1a4a3883c6e8f7e4307681fc6f42ce0384bc33fa780080081ebb5dc3f1a502f88d5ee7a226912b220bbb16e68c27bc95fb7685de8450ae33d5057831258771244c6972722e44a2f0563984dd1a12a6c3220b2fc3887fe302e14ca9812e9fa8a66fb12d0f20e53f1a3ab94c9ba1770349dc468580003f96edfa3cabb853df31b59cc8539fa3409086fd982bd5a62f82c70b2ee3fbf52b572a18913dc6e7618cd27f7a0ebc5a77a541717a0cd610d8c94669e4052a378860fdbbfc30959586f2da2b7f680165f0d87ac5a3bfe5d808372ebbc8dcf8252bc4edaf6026f5dc577c4bfc93283bfb2ad6c843e9a303d1f052185c04b85f1ddf5c0b1e6fc56dabbb8e798d3788d09ee648b11aa85036881b96c99ddf02095bd5dfb80298bb79ee058f8f60d6f45a13a20a27721244169c8500fc8762c22b1b1d7a3f1428b31fc2d0b0b7284c0cc77cf702ef936ac6dad034d48f8f6d4d5d315c75318387663d7c64eda27941d0f1a3443d36c429824298b2705bc108c22b825cd8a5acffba2a8adc05e3f1b4bbad3c62173a95f4ffc0c6a2bf222b17cbfcdc321e3121fa1337f5c4e287490ee88fb2fdaf4df894ce8d7173e599a0e353187ec21cc7e5d0853ddc19047723bb77920f6a814d9940d3656a5d9b860e3f20f255cc2f4798c5dc11a5b08f4dc7afe0a486cf92e970dbe21658cc2687d1e78133e67fb72e651f7e30fd115c54f93aadb533865d8ae5c47edd508abf0b9d04ee7caf7e905f72e62333cb52e57dde75d0db203bf427b1c15968d3f67dd1e77821b49799a838e56c03c01727a231faa0f7f2c72850c0ecf187742f7634512f77f8b1636804a96d462282ba28f5017406d69ae83f3aafa978d4edbc62710d6791074c7d18b1effaf9ec7cfdf164992aaa9dc9cf5613b11230e6fbc98cc399816f1fd074cde26689673ff14e6789006bdc79de76dd11771becffd552fc5c09816634c051811e32133ea1082b70d1bd728033d97c9a840b2f034bdac61fe84e23c9a9c4972797f5e0d73a7ed5190415c0ed6bd7610e0ccce7d3dd76c019a173a8a6ac8636ca282af2ebdc263234f8e051d600f7bafbccac5c6bf3e9b591b36d55cb7d3d0099970e2b34e442a0739462a7eed388385dc65a78fd85fa3b8e9ddd79600843049ef9e0ec479b5281450964ce50baa140c2265beaf712db30c2ae734f7529f3319032272e4c950e544c7a403e6ddcf81b2c3de79674cd4cdf87b16170e649c4cf2fb5feeb5ff7f3c613d6a7124fdecce9eabbfc80ac02a29e9b1e91962bf2afc6a2ef6efcab06d7e3a78c3aeb248e9b8d84f035d73b46eb0fc23f93f00504b0708011034985a0f0000d1110000504b0304140008000800ba556a3a0000000000000000000000000c00000073657474696e67732e786d6cb5595b73da3a107e3fbf22e37742429a1b93d031a4f4d090c00069e6f44dd80bf844d67a2439c0bfef4a864c0a2625d87a22b1a5bd69f7fb76e59baf8b981fbd8254118a5beff4f8c43b0211601889e9adf7346a57aebcaf8d7f6e70328902a88718a431085d51a0352d5147b45da87af6fad64ba5a8235391aa0b1683aaeba08e0988f5b6fafbd575ab2c7bb2e09178b9f5665a27f56a753e9f1fcfcf8e514eaba7d7d7d755fb76bd34403189a6fbaaca56bf5785886f8acc86cc18abac7672f2a59afdef1dad8c7c179a9ad758c761ed7ee366a520fba9441a62139ba3d56363daad472aebaf11ccdfa2e6e5edfb73cf4f5aef4b60234cbcf51bbd4ce84d24b4d738bd3abfa96ecbd85f6e17263a4ff04931b1cf51a8677972cf6ae797b562b2ff85683acb35faf4fce2ecfa30e1c319ce07105286416bc6c414d4868231220726bc8696291ca6a3239a12e70a1e30845dd2278cabbdc5576296542211c202c2ed58e5a797dd43852197fb45bc136e98aab4a4dcf51a26930b9ce4aec4bbbcbcba385cea8e32a95d9d5d1e2c5545630ea5d789955a7e555bb1835d0562aaaf98c54dd41ae3fce2bbaa1d980fbf10e31149daccb419ca6250d4654b4c750b791a8bcd822e4b7a13f1a5b48ade8e4b9b051a65beeda727075adf5143e0106808db921e1c607acec3f7c8b2ebf50aacf217102dee4fa4d98354324db4fc1946f5c3b0cf241b31cae661c2020366a5437d9f30520fc0740db009a06564462fd586aabaa481ff17010fd5631a8f417ee04c016d5deabb9e9290e93cea5ae76281407d8b13bdec3337a43b1528a11d49a5c90de850020add112ec3450d84a4aa05d9c23891a04ce3583abcd9c00dc9010e3f70bc337005dcc84ebc2d099b214e38fdeda84efa2c0169f40c41a79b8458862754f216e77a930901858b58593f4c8fe0288b57ad695fa226d8a67cba87e5a616a6e0e24b33124c2ebdea9e265b147460af2901eda71ab3247294382d24b641eec07e2b1e646e427e32ce190051a0952fc22667e245b5511a2c6a311ea4dc1298ab94f485406d35ec46ee0301a88b2c1c000b51f0ad542ca7660d4daf187a8436535bc05d9c36e9fab6a0e3168c77c923271d819f247cf9a440de31cdca17df364d80cb821bb257f8995d82f4448ba372d1f01a25df398e19bf5bdddf98d6c3056077d43d9db7af2226faa90874eaaa0c7d1e4d0525ef5063d247157da4a600def228f1d55be3e18b806a1bc267494b659b2f2dfdb988632b95928ec924b50146f33bc454065b5893dd1aec8197142bdf5269d6aa11561a1c984a96cc54477423b539d996e1c61d3ea26eb144a712ee249bf7c6ffab9e3064ee409985b201ceef015c743b2bee7adc1eecf63f042ba3cd168584103dab28043982857ea6f3eb090a2bd5808b5e55418f872bcf1f804c0c9cb579f676c5d5b4a2ba6c0c6fe8e72652545231d80ee42ff36f71fa7e3f65fb7aa8a92b2c3f686f2ead132d71e393058901d008615cf3b596a693a349b28d4e8e2a1b8e24aa847a7e57f2bf1b60fda05a0a743c9ce3dceaa001b5c54400dc01f1fdc93f3471c74c8439d37691db5a7bf03f52a5a3c9d2948d7a8ef4ec818994f1a604f6e28623d400cc70f00a23cca8d061e51030538eadfb1337e5b34267e38bf940679a3b7b81bae3fbc28c60b62241214f8d4d4578c1e565cfea06630a4d16bc4c25a662e77d5fd9595e8cdd4d9b63af4cdd0ccf34e9062f06189dd0bd5850de06f00b24d2e4f697a1ed93d7d8f61ababaf585b7baebdb77e337504b0708175b6a5bfc0400003d1f0000504b0304140008000800ba556a3a000000000000000000000000150000004d4554412d494e462f6d616e69666573742e786d6cb5954b6ec3201040f73985c5ded06655597122b5524f901e80e0b183c44fcc1025b72f8e94c46da3aaa9cc0e2c786f183cc36a73b4a63a4044ed5dcb9ef913abc029df6937b4ec63fb5ebfb0cd7ab1b2d2e91e909acba0cafb1c5ea72d4bd1355ea2c6c6490bd8906a7c00d779952c386abeae6f46d37a51ddc0bd3650e785f154dd64d06959d32940cb6408462b49394e71701d3fbbf854c1098ec46ebb27a75a4e3ef7c9983a48dab74c30f1500cf7296fdef57a48f11c1b2e0592a4843b19cbe0a55260204f7d142ac5389e3c27b7b8ab88a0375e121482071f52c87f462a848f7e8880e56e7a0cbd189cbc37c5e0daca0150bc6ab2326051c783ecef6d04931bab8727cdd554f0b7181e948f0d4a8cb57a179efdf4bf62fe9d8b743280b3632d909cadf16cf7c9ee9cd406055d863cb8616ef8bc8905a2fc4e5e53bb123f9ec9f527504b0708658248da4401000061070000504b01021400140000000000ba556a3a5ec6320c27000000270000000800000000000000000000000000000000006d696d6574797065504b01021400140000000000ba556a3a0000000000000000000000001a000000000000000000000000004d000000436f6e66696775726174696f6e73322f7374617475736261722f504b01021400140008000800ba556a3a000000000200000000000000270000000000000000000000000085000000436f6e66696775726174696f6e73322f616363656c657261746f722f63757272656e742e786d6c504b01021400140000000000ba556a3a0000000000000000000000001800000000000000000000000000dc000000436f6e66696775726174696f6e73322f666c6f617465722f504b01021400140000000000ba556a3a0000000000000000000000001a0000000000000000000000000012010000436f6e66696775726174696f6e73322f706f7075706d656e752f504b01021400140000000000ba556a3a0000000000000000000000001c000000000000000000000000004a010000436f6e66696775726174696f6e73322f70726f67726573736261722f504b01021400140000000000ba556a3a000000000000000000000000180000000000000000000000000084010000436f6e66696775726174696f6e73322f6d656e756261722f504b01021400140000000000ba556a3a0000000000000000000000001800000000000000000000000000ba010000436f6e66696775726174696f6e73322f746f6f6c6261722f504b01021400140000000000ba556a3a0000000000000000000000001f00000000000000000000000000f0010000436f6e66696775726174696f6e73322f696d616765732f4269746d6170732f504b01021400140008000800ba556a3af906766d310800007d3d00000b000000000000000000000000002d020000636f6e74656e742e786d6c504b01021400140008000800ba556a3a5e16207277080000cd2900000a00000000000000000000000000970a00007374796c65732e786d6c504b01021400140000000000ba556a3af0b7e55606040000060400000800000000000000000000000000461300006d6574612e786d6c504b01021400140008000800ba556a3a011034985a0f0000d11100001800000000000000000000000000721700005468756d626e61696c732f7468756d626e61696c2e706e67504b01021400140008000800ba556a3a175b6a5bfc0400003d1f00000c000000000000000000000000001227000073657474696e67732e786d6c504b01021400140008000800ba556a3a658248da44010000610700001500000000000000000000000000482c00004d4554412d494e462f6d616e69666573742e786d6c504b0506000000000f000f00ee030000cf2d00000000),
(4, 'Ordre du jour', 'Document', 'ordre_du_jour.odt', 8975, 'application/vnd.oasis.opendocument.text', 0x504b0304140000000000d1556a3a5ec6320c2700000027000000080000006d696d65747970656170706c69636174696f6e2f766e642e6f617369732e6f70656e646f63756d656e742e74657874504b0304140000000000d1556a3a0000000000000000000000001a000000436f6e66696775726174696f6e73322f7374617475736261722f504b0304140008000800d1556a3a00000000000000000000000027000000436f6e66696775726174696f6e73322f616363656c657261746f722f63757272656e742e786d6c0300504b0708000000000200000000000000504b0304140000000000d1556a3a00000000000000000000000018000000436f6e66696775726174696f6e73322f666c6f617465722f504b0304140000000000d1556a3a0000000000000000000000001a000000436f6e66696775726174696f6e73322f706f7075706d656e752f504b0304140000000000d1556a3a0000000000000000000000001c000000436f6e66696775726174696f6e73322f70726f67726573736261722f504b0304140000000000d1556a3a00000000000000000000000018000000436f6e66696775726174696f6e73322f6d656e756261722f504b0304140000000000d1556a3a00000000000000000000000018000000436f6e66696775726174696f6e73322f746f6f6c6261722f504b0304140000000000d1556a3a0000000000000000000000001f000000436f6e66696775726174696f6e73322f696d616765732f4269746d6170732f504b0304140008000800d1556a3a0000000000000000000000000b000000636f6e74656e742e786d6cdd59dd4eeb3810bedfa788b2d2de05d3c24aa75dda2304ac7456508ef8d3b9436ee2b4661d3b6b3b2d3d6fc473f0623bb69b34254d1a6891567b0364e6fb66c6f3e31f71f2f53961de8c4845051ff89d8343df233c1411e593817f7ff767f0c5ff3afce544c4310d493f12619610ae8350700dbf3d6073d577da819f49de175851d5e73821aaafc3be4809cf59fd32ba6f7d3989d20bd69a6ec165b626cfba2dd960d7b878dcdeb30597d991c4f3b6648385a496e9b1684b7e562c8805643d49b1a66fa2786694ff3df0a75aa77d84e6f3f9c1fce840c809eaf47a3d64b545c061814b33c92c2a0a1161c43853a873d0413936211ab78dcf60cb21f12c1913d93a3558e34a55d56cd2ba2366939ad484532c5bf78605af97f7286a5fdea3a8cc4db09ed6d4e40bba02a5fd7175b9ea0599b4f565b06ba90a254d5b2fd3a1cb7c214411aa21b801b5e1760f0f8f91fb2ea1e78df0b9a49ac8123c6c8487988545c645b2296980eb2040046466dab4687c93085543e822a72ec02aaa35fde3eaf2369c9204afc0743b38a05c69cc579991a608b52bfd1d49920aa98bc4c4ed374ca856b7f012c5b870034875602d0486687d952d203399c8507ef5bde5c65bdaedbbfe30dfda5d5b28540862d8e2831887248848c8d4f0c48d6821f6dcb7097ce08f6832ce94772312ccbd91e879d0d83096393aa16c31f07fc3a9507f54a14eee7b6b0e0c2598104e2485fe9106bd8648a90e61c2665852b32dfba85580b798abedb139548bb0d49c2ab54b580f444698e30d01ad349fe8fe9c3ce187ccaeb73627254c9b8c2c9426c9b698505d8f2de538d350704dc3c0da299acffe5c5bc1f74ee16b19758a259e489c4e730508cc95c57e048e750b731b6119f9b961732f085209a3233525aa1cfe9b42c5c28915fd09e24e27d52bd99cd0c914f680b160d15a0a0c388029c53ca794948e95ab3773cdf1c6c8733dbb0058be497129630de9ebfe87d2b7bc06528d190d77cdaa8b77a9cd4dee2debce7aa1afb7ffd1ba1ceda52e05a95c1cc8abad17843c81a58760c51cd78ef194294de305ac9f4fc0ee5c48383663cc54692ff968b57b0dc52e59ce784424dc5a498ee1829377b643ef33bb61b3f14f6c86e3ff7b337ca8a63bd56cb78adc554e1d93862ddbe1e6e65682d1a8a6ffe73432af08731ad62042c104bcb3ec92ecdfd535a0da3375a9188b68517c18fbc313fb4c56e49f8cf0d5d95c157a5614519532bc0844a66d4c0c6ee96ce0c3f3c2aa5dc6be3106cd24c1bfe026c69d8cdde5f788ddac9892ed6ae4dc3deb6ddaebb39629228398121635898b0b3a661909f42235eda1a5319fabdc676011b002807811f118f6d4eb8b7b8a946233161e15b172b42797e75837b984a7fcde5d8e44623dbadbe7eb0bcbd65c72913ce250934ceecde377f9fac29bbda6b0dfeedff1199d5146f5eb8bd7e45b0158db49dab7ff3baa256972ad0d60df5e2fa9b24da53cd8339f88860d532409a692a83739b7dac795b698ba9a014b1dbd7c2cc2cd6a783a1a5dfcb8f04ebdcb53efec7af4707d767af7ed7ab4b4953693cfefbdcab22744d70ddeb03aa4d598813f7ca77795c2f3b9028183a95a9437d1956774589de7c6e88cd7369176f330341ea30fffb9dd4fa768c2cdda779a3b6e34b79b76787d737e73e14101ffbabebff9e4605ae6a5be49aab3366c18d36d1d8dd66e1768ede2816afeb730fc17504b0708b20e3ccbce0400009c180000504b0304140008000800d1556a3a0000000000000000000000000a0000007374796c65732e786d6ccd5a498fdb3614bef757180ada1b2ddb33938eddccf4d0226d8124059234d78096689b89240a24e525bfbeef91a2446bb1354b02e710c47c0b3fbe9d545efdbe4f93d19649c54576174cc79360c4b248c43c5bdf05ff7d7c4d6e83dfef7f7a25562b1eb1452ca2226599264a1f12a646209ca98525de0585cc16822aae16194d995ae86821729639a185cfbd305bd915a36ca8b861f6a535dbeba1c2c87b244b97c37736ccbe742ce96ea830f2824d7df195182abc57095909128934a79a3750ec139e7dbd0b365ae78b30dced76e3ddd558c875389dcfe7a1a15680a38a2f2f6462b8e2286409c3cd54381d4f43c79b324d87e2435e1f5256a44b26079b866adaf2aadaae0747c476dd639a6843e5e0d830ccc7eebd8a87bbf72af66553aa373d3eb90ddf02d1fcf5f64d1d0b321dba17f21e992a923c1f7c4ccbedcb0b212aa8286013d4c09d4d26d7a1fded71ef4eb2ef24d74c7aecd149f688265165719176190df8a6217010b6c53075dc120fddabf926942c1752574056c30b14586756ed12af68b50d70aab1d14050d0ece56b083113421479118cca42e715d75970ef2ae94a40155dd18891984589ba7f6533a05a1ed9df88f32e78c7d365a146ef454ab3d13b311f41dc40d43bee942787bbe0179a0bf55b9bd5ae07a3a30d5084ac59c62407f748e43ee2c8b98e2080b75472ac7a413808e0079aa9f3d82cd700586ac7957a0aac4f4cc634a31d806aca77dcfe4ff6857e2acc797b6de2f10cb1c84169969ec314f6c558b96e9bb7c31eb3152d92b2a53bcd25c6b5a4f9864781e32d7f935c42d44bcd6104c0c6b6501b1a8b1d01fd8a69b2bf0b26e3ab087076100f0da286aa4ba04931a2721a418b241b21f937804e13649ddd9e64de228ca8cd0a3939546b8bb54367699604ceb1e37a43ecd0b1a289f2a220a7921a0bf9f6b124e427b4d002f780d0e03113969526f9a68a43036329198586ae34b85c3b0a5655c4968a18c41349f4f2280c7816332c44389cf98771201d461862c0d322571827fdb02b76c4dd3a4da118982143af9acd23910868f75a16d02656c22252fc1b209dce726dd6129aad0bba86a595340b9128322d211c5ebfaf8ecf34b40ef295c9cc40b70abd53a24e02e59762399d8c6ff2ca3e4ebda37edbef1da9dcc85132917528c50122617b07b8a1b4a276a8ad6846716dd6a3bc1a926c951f82930105a6db1cf20dcb60de111949681c83cd0c1ac400de4f7975828171971759a40bab70076468787074f0c1f9c0740145620ee999e126d0e86ea675d61c876e0ef6ac53e611f1e579aebf3b7ecf20c45d5d301d97f8ef1ca866e32adc4e6efd5ce1ec471b73b5a4198292a594670407681787b316535ea84d83e509b962ee627e514b981f46f6aab614125303e30e6a39045142738541fdd48d8914bbc6e6b0d248d2af8ce5448b35d31bbc0b61129edbd8dfd0c6f60748a998ca38e8ad15ce7d09550ae0413ed5d9d5d6f737a3b197d6bdea60a1bae6936e2819a6aecff011163ecf269f97223e74c13a57d5522aa1e480c9726cbcd733d378ebf5a5d01aef07d093a7b392646c6c1a72661a324d76f4a0ce959776ed70836ba36c5cd7b9f3b8ccef54f0d00c462575e09c09982e274065ce137af0dc34f2c94f098247fbf7b46f071ff70d349dc79ce344ac26a87240001d397af6101ffd41732c89cf687f4029e90313accea2be0433af65f62dc7cc94aa6a0086626602f7d433e94fba9e5e6cd75002c61218cbe19a71d2bc4744639292da27dcd9033df18a5e2a18ecbf7f60ccde3fa3f7b8d177d27bcfe48a6709dfd74298079e1f19bd0f3b7febb2d35c701085e2dabccddc8eafe7b7f5c8aa0f39c08d003f1c343c2b3d7d399ecfe74d71c9d71bdfac1e9a9337af615ef8cb5ec555d30f03aeecc66430aac3959858a8bef3b6ebc5be2cd0f8ef83fb7739cbe3e5203e00863ae54abf202d6731a994a9f67d047920f1322d0a59b9d092dcad9b805da1a388bc459038c6b5e2acbed85bc9d26b6d6a43bc15efc62ca2d0f6fadc32f8bf9612341813b66549c96e63111720263ceb107cb2a5309f545ec126538a361d9372bcd42d8152dfa826e3abdb69d917fb761f886b76a1b8ae2e14d7f585e2bab9505c2f2f14d7af178aebf64271cd2f14d774f2e3811d937cb4198c420a1bda8aaf0b695e3a46158194f3cd0a0626fcdd057c5a4e30f6697b4b930251958b4e50917ad630ef67be8cedbef8c086fadc97283cd170842c8bfb00f26e804e3d5aa446d0b54defd0663f0898bbbe3f3c7559a754525b21612b5dd2781649f3fd1a6ba2f7f5c368ab3f7ae0fb0be88449c811dc0cb6066fd30378f7a8ddbfcdd369d0c1d4b8d918ca8ec7f8b977367163a0236c18ce8040998f5f9e3863b9099850139857e02cb474b690301a731d34af6f3d57b7c6325aa9b5284b487d0fb48d6f0b3602494af7d569701eacbf7c950c8ab9b9b8b4c6643c997a23b5cb39b2647072c38f3cd3c9b48387aef009b68b85c65f0aa5adbb6d10d87518ee2a37dcfc5c3f6a9a87e31713f327f0bf797439d41d6ac3283e1c9a1fa17f526fb1ada80ebd76ac958494aa4a47b55bb9889a4ebefdf998bd18f542bea13eecfe5f3bf7ff03504b0708a7769f1c50070000f5230000504b0304140000000000d1556a3ab0d6dd140504000005040000080000006d6574612e786d6c3c3f786d6c2076657273696f6e3d22312e302220656e636f64696e673d225554462d38223f3e0a3c6f66666963653a646f63756d656e742d6d65746120786d6c6e733a6f66666963653d2275726e3a6f617369733a6e616d65733a74633a6f70656e646f63756d656e743a786d6c6e733a6f66666963653a312e302220786d6c6e733a786c696e6b3d22687474703a2f2f7777772e77332e6f72672f313939392f786c696e6b2220786d6c6e733a64633d22687474703a2f2f7075726c2e6f72672f64632f656c656d656e74732f312e312f2220786d6c6e733a6d6574613d2275726e3a6f617369733a6e616d65733a74633a6f70656e646f63756d656e743a786d6c6e733a6d6574613a312e302220786d6c6e733a6f6f6f3d22687474703a2f2f6f70656e6f66666963652e6f72672f323030342f6f666669636522206f66666963653a76657273696f6e3d22312e32223e3c6f66666963653a6d6574613e3c6d6574613a67656e657261746f723e4f70656e4f66666963652e6f72672f332e302457696e3332204f70656e4f66666963652e6f72675f70726f6a6563742f3330306d3135244275696c642d393337393c2f6d6574613a67656e657261746f723e3c6d6574613a6372656174696f6e2d646174653e323030382d30372d30325431363a31313a32323c2f6d6574613a6372656174696f6e2d646174653e3c64633a646174653e323030392d30332d31305431313a34363a33342e33313c2f64633a646174653e3c6d6574613a65646974696e672d6379636c65733e393c2f6d6574613a65646974696e672d6379636c65733e3c6d6574613a65646974696e672d6475726174696f6e3e505430304833394d3235533c2f6d6574613a65646974696e672d6475726174696f6e3e3c6d6574613a646f63756d656e742d737461746973746963206d6574613a7461626c652d636f756e743d223022206d6574613a696d6167652d636f756e743d223022206d6574613a6f626a6563742d636f756e743d223022206d6574613a706167652d636f756e743d223122206d6574613a7061726167726170682d636f756e743d223722206d6574613a776f72642d636f756e743d22323122206d6574613a6368617261637465722d636f756e743d22313130222f3e3c6d6574613a757365722d646566696e6564206d6574613a6e616d653d22496e666f2031222f3e3c6d6574613a757365722d646566696e6564206d6574613a6e616d653d22496e666f2032222f3e3c6d6574613a757365722d646566696e6564206d6574613a6e616d653d22496e666f2033222f3e3c6d6574613a757365722d646566696e6564206d6574613a6e616d653d22496e666f2034222f3e3c2f6f66666963653a6d6574613e3c2f6f66666963653a646f63756d656e742d6d6574613e504b0304140008000800d1556a3a000000000000000000000000180000005468756d626e61696c732f7468756d626e61696c2e706e67edd5eb5712061806706a5dbd66b96c159869cb2c35a689e26d2a699a928ae6322f759a9a06e21d44d04a1d6a9995399d9a342f81a2e08d10a7b2c9ca1364a884a422ce21255a79450c44d7fe829d9d3e6ee7fcce79de2fcfb7e79c37df1feea5abb55f0b0000e87a9f81057e4a0600b009b063dba74b610a190300b68779c3dc82b095efc71de30f5f00e44e2202ad7393aec76dc56e1dc8370d8c91359fa93448b3db9973d7cf07b6396253232018f0aeeecd7076a91f660cc46f272c679d41518eb6660ea0a829b317030c3757e2d5023460f52a4cd7f1dfd18833c3c4cf58aa9ac2e8f4ea5a0dc56b7cd6c54994d2c0082cecedfced52139c5ca3800eb696517e31a68ad1fbaafaa42d6917d25a7cf5efe104f0d731c095fa73426f41826f6cc7035cb77ca462fa6afbc56388ee2c369414847209273dd1d2e62a21cf430737d46755e23c552f626197be7bc7c379fc3e906bbbc6ca72af6c2902bbc5a4113fb085b1f31ed92355518b6337076658467fa1bb1816bb64625e8a82f0e1255654299f3323e9a207d8cbfe787dadbae2bc7d7490713276cff05cef015651e43bb646a29acbb28cd409889cf62cae1e985a863add6cd421fb277e9728be9484c7f544628273d023499353b256de52701f9df93ca271aecab86deded5370b992a80dd3f8a8175006219175404b0c018531e9a555e3d23ff68f8b9a2dfb39a2d5149ba15657047a5814ffe53707272c40668ae623270e1c612d9efc60ce3c2e9ae3fe9cffe32823cb9c364c44abe26cef83940eae11ab7960f1ead6eacc12424b19f0d9b66b8a3f930e86b3e3823db27d278c9897a79c83d8ddaf5a9d455da33d749cfdee2acc6e99b075dee677fabc9b3f6ecf66c25064d4aff2f3c4e417e58f4a4d857ddebdc469acd39a5e00dbe73897a6677c337e6f94892a7147e77aa09e746ad2a7586806d501c2d5553f987269bae1341db73b63dd61c4d93c9547ce749bca15395210f081e4f98abe3c0b562ca0532e0fec7ac61546d7308bc83c698e66067c4a2a571e9e09f93852a6c2a7df6d174a6cb36ed194194b5828f270897471b07261d9d140415d43fa8e5b6c3cc1973351500aae49d7d08b1882f0d377d527dd883d37b8cccd34eadb314c1465273cb98d96871c9ac9aa37d772577f9fb73fedb3a8c2579eaedab954e020c1e5709e9c5a62a53ddecf63512aa2421bca526ac8440ae5f123aba3acaf7c6e755465cd9d3480778aeb9d23a7d50f5336ae3c52409bde76472f96434c6730b1a721f95aa76cc085f77f8a16ae09800cdeb1dab1cb17464f9c7da99ccde9fb36918ee88710c00677423b63875387546563ddafa254f2bfab33f0028a7dff0ad661d02fdde8460ccf8a8976221d2267d86db713b8f51c08e0e8fd93974498c6166494785e2245d31738eeb287b5db64b232c11b5a907c4456caff60dca1b3b1d2c0b3b9125c9adcd06334f9982d3859c4e9bce7591106a1e607bd47188710cf3af1addf3b81e8e2a35d4433e4c57067238997a2aba94fcae2d8714bd02ff9a9eb999d618b1f4f135e40525dfcd71210b9f5160fe64d5982f0e4c216bbb1bb1961480811b8d240e2733cc83c9be25da18eef4845cb98af2de3679f42342b232e2886e08e21844e2528152dc5a8363f7bcf215805b2dd614be5d428b008d143e3a743456dca6c6bb94735cd8a8aac8a295e1c7dced1b4f3adeb9cd85e4a863a754e3b172d5aa30d9851ad6fd399e916a07826ee45e80cad8022213b708552cd3a48327e5c09ebc26d24e0bd49577dc327ae2fd5c5db4e664e60b3cf199e9a077fee66fef75fb2be89028fa82a317b1bf7e9dd02bc4fc36134f74b37ff02504b0708cb454f9f2805000095070000504b0304140008000800d1556a3a0000000000000000000000000c00000073657474696e67732e786d6cb5595b73da3a107e3fbf22e3774a6e4d1a26a16348e9a1218101d2cce99bb017d089acf54872807fdf950c99944b4ab0f544624b7bd3eef7edcad75fe789387a01a539ca9be0e4d371700432c298cbc94df0386c55be045febff5ce378cc23a8c51865094853d1600c2dd147b45dea5afefa26c894ac21d35cd7244b40d74c54c314e46a5bededea9a53963f990b2e9f6f82a93169ad5a9dcd669f66679f504daa2757575755f776b5344239e6937d55e5abdfaa42c4574576436e8c53767a7c7c5ecdff0f8e9646be09cd69505fc561e57efd7aa920ffa97003898dcdd1f2b135ed262095b5170eb3d7a805dbf6fdb9e727ad0f15b021a6c1ea8d59a4f4864b13d48fafab9b12f697da81b1f120f689c766ba4deed9e9e7cbd362b2ff053e996e35fae4f3c5d9d561c207539cf521a6fc82e694c909e835052344014c0675a332384c475b3614ce34dc630cbba48f99d07b8baf242cad7019c31ce2cd586d4f2eb787ca422df68b783b5e33551b45991bd46d1e1738c95d897779f9e5e270a93b8ae4fce2ec6053351f0928bd4c9cd4b24bda09edefaa0e5b7ac54437d0184c7655dee561b27f21264392b49e665354c570a8c3169899268a2c91ebd55c96f406e27369e5bc1997168b0caaedb69f1c1f687d5b0f404064206e297a7080e95b1ebe85955daf9748b57d0131e2fe1c9a3fc81433c4c81f21d3308e7b4cb121a36c1ea42cb248563acef708204d1f6cc300ebe859466674336379aa431ac47f1c44ac1fb26404ea1d670a68eb50cbf598c6cc6ce3ad552e1608d4b724358b1ef3c3b813890a5a5c69436e409b12509ab6f4192eea1e14552da82626a9026d7bc6d2e1cd056e400e08f881a39d812be0467ee22d45d80c492ae86f4f75d2632928ab6700265ba7c3323ca1927738d71d8f09287cc4caf9613b044f59bcec4b7b0a0dc136e5d31d2cd6b5300d17e70d2e995a04d53d4d7628e8c15e5b0226cc0ce649e429719a486c83c283fd4e3ca8ad09f9c138e7004481d6a18c1b82c967dd4265b1a8c94494094760be523294128dd3b01bb90f04a00eb2b80f2c46293652b19c9ab534bd64e821ba4c6d82f071daa4ebdb9c8e5b32d1218fbc7404619a8ac5a30675cb0c2b5f7ccb36013e0b6ec05ee0677effd1954d81da47c36b957c173862e2767975635b0f1f80ddd67774dea1e64cf6321999cc571986824f2425efc060da43cddf5353006f054f43fdda788432a2da86f849d152d5120b477f3ee2d8cc94a263b2496d81d1fe0e3053d106d6e457067be025c52a74549ab76a84951607268aa553dd961daed727db32dcb8c507344d969a4cc1ad62b3eee87fdd9596cc3d287350d6c7d91d808f6e67c95d0f9b83ddfe87e064b4d8bc9010a267cd635043989b273abfaea4b0520df8e855357445bcf4fc1ec8c4c85b9be76e577c4d2bbac346f08a7e7e2245259580eb40fe32ff16a7efb75376680686bac2f283f6ead22ad1523f3e3990e8038d10d6b5d018653b399a245be8e5a8f2e148a14ea9e7f725ffbb05d677aaa540c72304ce9c0e1a509b4c46203c10df9ffc431377c264bc65da2e72adea0efe47a60d1f2f6cd9e8276ea6f74c664c3414b0673f1ca1fb6087831718624e851e2b878099726cd59ff8299f253a5b5fecb739dbdcb90bd41d1f17a604b315051a45666d2ac20b3e2f7b9637181368b0e879a230933beffbcacef262ec6edb1c7765ea6778a649377ab6c0e885eee59cf236825fa09026b7bf0c6d1fbcc676d7d0d58d8fbbd55d9fbdebbf01504b0708ffc8f40df5040000381f0000504b0304140008000800d1556a3a000000000000000000000000150000004d4554412d494e462f6d616e69666573742e786d6cb5954b6ec3201040f73985c5ded06655597122b5524f901e80e0b183c44fcc1025b72f8e94c46da3aaa9cc0e2c786f183cc36a73b4a63a4044ed5dcb9ef913abc029df6937b4ec63fb5ebfb0cd7ab1b2d2e91e909acba0cafb1c5ea72d4bd1355ea2c6c6490bd8906a7c00d779952c386abeae6f46d37a51ddc0bd3650e785f154dd64d06959d32940cb6408462b49394e71701d3fbbf854c1098ec46ebb27a75a4e3ef7c9983a48dab74c30f1500cf7296fdef57a48f11c1b2e0592a4843b19cbe0a55260204f7d142ac5389e3c27b7b8ab88a0375e121482071f52c87f462a848f7e8880e56e7a0cbd189cbc37c5e0daca0150bc6ab2326051c783ecef6d04931bab8727cdd554f0b7181e948f0d4a8cb57a179efdf4bf62fe9d8b743280b3632d909cadf16cf7c9ee9cd406055d863cb8616ef8bc8905a2fc4e5e53bb123f9ec9f527504b0708658248da4401000061070000504b01021400140000000000d1556a3a5ec6320c27000000270000000800000000000000000000000000000000006d696d6574797065504b01021400140000000000d1556a3a0000000000000000000000001a000000000000000000000000004d000000436f6e66696775726174696f6e73322f7374617475736261722f504b01021400140008000800d1556a3a000000000200000000000000270000000000000000000000000085000000436f6e66696775726174696f6e73322f616363656c657261746f722f63757272656e742e786d6c504b01021400140000000000d1556a3a0000000000000000000000001800000000000000000000000000dc000000436f6e66696775726174696f6e73322f666c6f617465722f504b01021400140000000000d1556a3a0000000000000000000000001a0000000000000000000000000012010000436f6e66696775726174696f6e73322f706f7075706d656e752f504b01021400140000000000d1556a3a0000000000000000000000001c000000000000000000000000004a010000436f6e66696775726174696f6e73322f70726f67726573736261722f504b01021400140000000000d1556a3a000000000000000000000000180000000000000000000000000084010000436f6e66696775726174696f6e73322f6d656e756261722f504b01021400140000000000d1556a3a0000000000000000000000001800000000000000000000000000ba010000436f6e66696775726174696f6e73322f746f6f6c6261722f504b01021400140000000000d1556a3a0000000000000000000000001f00000000000000000000000000f0010000436f6e66696775726174696f6e73322f696d616765732f4269746d6170732f504b01021400140008000800d1556a3ab20e3ccbce0400009c1800000b000000000000000000000000002d020000636f6e74656e742e786d6c504b01021400140008000800d1556a3aa7769f1c50070000f52300000a00000000000000000000000000340700007374796c65732e786d6c504b01021400140000000000d1556a3ab0d6dd1405040000050400000800000000000000000000000000bc0e00006d6574612e786d6c504b01021400140008000800d1556a3acb454f9f28050000950700001800000000000000000000000000e71200005468756d626e61696c732f7468756d626e61696c2e706e67504b01021400140008000800d1556a3affc8f40df5040000381f00000c000000000000000000000000005518000073657474696e67732e786d6c504b01021400140008000800d1556a3a658248da44010000610700001500000000000000000000000000841d00004d4554412d494e462f6d616e69666573742e786d6c504b0506000000000f000f00ee0300000b1f00000000);
INSERT INTO `models` (`id`, `modele`, `type`, `name`, `size`, `extension`, `content`) VALUES
(5, 'P.V. sommaire', 'Document', 'pv_sommaire.odt', 11574, 'application/vnd.oasis.opendocument.text', 0x504b03041400000000007b4ad9385ec6320c2700000027000000080000006d696d65747970656170706c69636174696f6e2f766e642e6f617369732e6f70656e646f63756d656e742e74657874504b03041400000000007b4ad9380000000000000000000000001a000000436f6e66696775726174696f6e73322f7374617475736261722f504b03041400080008007b4ad93800000000000000000000000027000000436f6e66696775726174696f6e73322f616363656c657261746f722f63757272656e742e786d6c0300504b0708000000000200000000000000504b03041400000000007b4ad93800000000000000000000000018000000436f6e66696775726174696f6e73322f666c6f617465722f504b03041400000000007b4ad9380000000000000000000000001a000000436f6e66696775726174696f6e73322f706f7075706d656e752f504b03041400000000007b4ad9380000000000000000000000001c000000436f6e66696775726174696f6e73322f70726f67726573736261722f504b03041400000000007b4ad93800000000000000000000000018000000436f6e66696775726174696f6e73322f6d656e756261722f504b03041400000000007b4ad93800000000000000000000000018000000436f6e66696775726174696f6e73322f746f6f6c6261722f504b03041400000000007b4ad9380000000000000000000000001f000000436f6e66696775726174696f6e73322f696d616765732f4269746d6170732f504b03041400080008007b4ad9380000000000000000000000000b000000636f6e74656e742e786d6cd558c16ee33610bdf72b081d7a531427396cd4580befc6050224d9c0f62e7a0b6889b29952a44a52b1fd37bdee77e4c73a2465458a2359409cb6b9d816f966e6f1cd7048f9e2f33a63e8914845051f7a83a3630f111e8b84f2c5d0fb3efbddffe47d8e7eb910694a631226222e32c2b51f0baee11b813557a19b1d7a85e4a1c08aaa90e38ca850c7a1c809df5a8575746863b911a537acb7b905d7ad3559ebbec606dbb0c5f3fe912db86e9d48bcea6b6cb0206add3c157d8dd78af9a900d5b31c6bfa82c59a51fee7d05b6a9d8741b05aad8e56a747422e82c1f9f97960672bc27185cb0bc92c2a8903c28809a682c1d120d86233a2715f7e065ba7c48b6c4e646f69b0c63b59558f8bde15f1b86891265e62d9bb362cb899ded3a47f7a4f93ba6d86f5b225279f821b98b41f37d7cfb520b3beb10cb621552c69de7b990e5db7174254548d81dba096eec9f1f159e09e6be855277c25a926b2068f3be1316671a5b8c85e130d708300103e7934655a15be1142b5189c046eba02aba4d5f51f37d7d3784932fc0ca6fbc13ee54a63feac4c4a09db164cb5d03217649d13494d1a30034dcc624492820b904ae461cd81cb4c695cebcc032fdab661974215540329b4633fc531f1131233155db8ed540d23f76ca80cbd5b9acd0b852622c31cdd8a730445085b688bce28db0cbd5f712ed46fbb5037eea1460063e22f08871542aea541371039d531ec86472ca969a15ed08be01473b59f9b43f5a0a55654a9b7d0ba240ff8476103b692aa61fa50da284db27d9c82b62497e3b8d0a0b8a6b16ffd54d9b79f8d15dc0daa5825eb1c4bbc90385f6e2760c09ceff6c177565328f204cbc4db3aae8cfc1c6a97484d8942a9b087ab8f195d40bdc684db26e02c1e0aa569baf1159c80e0772524ec9314335513dd5a371dda15af085d2ca1bbcd054b1a52b9091f1a1ee6edd3e66060645d028c9c35753aa43af9d7a4822622f50756eaf4e328551b2d784224dc8d885fde3e9560b4d2e505644513739c9b9dd68288051370e1b17adadfde7f9d96b38f9396974a7138b831ebd0aa1d50a955427aeb35dbe98d86a5f77fa01cb436fa72622e924df560984617f6454791bf0a789bab0e8cdd41648712aa728637be28b42d6606f72c36f4e01a62a79d40578c416a25c417dc707c93b3d9f6707b9b1793a1b73ab9742f6656f676d50a45a46fef675dc3d5b50db382f87a939bbea2a571bf9d728fbe45c00a008212821846eae9a7bb4cd6b8190ff78ad8f1e040212fb1ee0a092f63070f794de19ea320a84238d6a4900ae5f2e9a77297f95af072f63e97c44dbe230349b61ce0f3551699e98560766816d0461e8886d3486419a6d2f2aaa5a349a604df57e0e7426da9c9dc99d7db3a5cfca2bbc9b7afe329fa319e7c195da3cb31ba1ea1e97874fb755cbacbbbed2fbfa31d151644b7956bb45bdabbb4c13e3a58f47ae546bb55fe86e8c1879b3df1a2f16c7435be9da1bbc9786abec3b24de6f02ab76300a75f84b6fd0f10d13ef0be64ecece4a8ab0974e6c6f1d99fa7da9a27e372d550f0213ad45aaa7ef0da5a1aede440ebe9caf0a9178dee604f7f19cdaebedd22d81fed1b1cbdd7deede3f8bdb665b73c679024623a6d0ce9307f70cf31434469841391438ad0d3df88b957f482634e330a83473dc29eed0bbb4f8fdd861ef53c17f64915346e8041e37218b4fc831ffd03504b0708a07f465bc704000002180000504b03041400080008007b4ad9380000000000000000000000000a0000007374796c65732e786d6ccd594b8fdb3610bef757182ada1b6dcbbb9baeddece6d0226881248724ed35a025da6222910249f9915fdf195294685bf26a1f29bc8705c419ce7c9c27397efd6657e4a30d539a4b7117c5e369346222912917ebbbe89fcf6fc96df4e6fea7d772b5e2095ba432a90a260cd1669f333d82cd422f1cf12eaa945848aab95e085a30bd30c942964cf84d8b907b6155b9152b6ce876cb1cee366c67866e46de83bd74395cb3650e77a78a6e876e465eb069b87d25876edee99cac2449645152c38f50ec722ebedd459931e56232d96eb7e3edd558aaf5249ecfe7134b6d00270d5f59a9dc72a5c984e50c95e9493c8e279eb760860ec587bc212451154ba6069b861a7ae255bd590f8e88cdbac7344946d5e0d8b0cc87eebd4a87bbf72a0df716d4643d3eb99dbc07a2fdf7fe5d1b0baa18aa0b790f4c95285e0e3ea6e30ef74b291ba8b8c125a8853b9b4eaf27ee3be0de9e65df2a6e980ad893b3ec09cd93c6e2b2e8321af0c513e0206c83611a8dea121294ad38baf7356a25a13ead68c248ca925cdfbf76b1d52c8fdc37dae82efac08b65a5471f6541c5e8839c8fc023104f9ebbe0f9fe2efa959652ff7ecaead6a3d18102dc42d64c30c5e1e00ab90f384a6e12088d0d551ceb49341904f01315fa616c8e6b002cbde55a3f07d69fec2bfdb7b20a7b41053c4320edb561c54398267d4eaed75d5ff2d853b6a2555e772b2fb9c6b856b4cc781279defa9b940aa254190edd0d6bf6426734955b02f235336477174dc75709e0ec20ee8f88060a0a81facb882e6902d59f6452f1ef009de6c83abb3dcbbc4118c9292ba4f450a927ac1d326bb3e4708e2d371971fd7445731d44414915b5160aede348c84f686524ea80d0e029938e95e66546bd020b63a918855ea50db8dc780a160cc456c814b6e78a98e54118709132ac6378ef080fe3417a8cd09fc1d3b2d41827fdb01b76c47d729a4a33308340af5ae589cc257432a32aa8802be91069fe1d90c6b3d2d8b59c8a7545d7b0b45276219195300ac2e1edc7e6f8cc405524df981216ba13189c126512a8de14ebd9747c5336f6f1e23df5fb6ee749b5224f11527408c5de98b39d077c24b4a176886d6856706bd683bc1a926c8d1fa2b30105a6cbf665c604b47229484ed3146c66d12006f07ec19b130c8cbbb21289a99cc02d90a1c1c0d1c1070f07a60f289272484f814ae2f1ec266eb3e630744bb0679b324f88afc073fdede94706216af5c17458e27f70a05ac54db89d55fd52e11c461bf3b5e43804152b281704ef863e0e67274c65a5b3239667e48a7d6684452d676118b957c8522a4c0d8c3ba8e51044392d3506f573151325b747ca61e52849bf31561223d7cc6478cdc7247c4871a8d0c5f62748a994aa34eaad15de7d39d51ae0413eb5d9752aef2f46d320ad7bc5c142f38225dd5004a66ec8f01916becca65f9632dd77c17aa8aa155441c9019395d878af67b6f1b6eb4b690c5e7da127c7b39a646d6c1bb2b00d99e65bbad70f9597d3dae16f8e4765e3bacd9da7657ea780c766300a6903e78180e9720254e632a7fbc04da390fc9c2078b27fcffb76f071df41d379ca39cec46a8e220704d081a3678ff1d11fb4c492f882f607948a3e32c1da2cea4b303b0872630a7ba7d44d03b0147b27f0538c697fd2f5f462b7e6a65a1caee5f0cc386bde03a235494deddbdcd90383ed0dbd1630d87f7fc3357bf782dee356de59efbd902b1e15be56b2ac8c7b4e74ace56cc3f2ba4b3a18b800e29a165115040731144a73733eccaf7aebf1010b8ef7d92550dacb243c166fe3ba24f4691f886b76a1b8ae2e14d7f585e2bab9505caf2e14d76f178aebf64271cd2f14573cfdff811d9242b4421aa6a1898a155f57ca3ef2460d81d4ad6d25a5c1ef2ee071ddbcdc546f43f30a51d58b7ea326a5d4dcd809b61d1d847b5cc7c3d902caf3337c3cd170844ca47d007937402f1e2dd222e852d3dbafdd2cd43e73e6f37652d2659d5a486b859cad4c4de32251f65729ac89c1e0d74a6be7bdf8f404993c219ee06f1a6bf036dd83770fee376511471d3c47773a4bd9f2147fc3994dc77377104fc8185f67f8ca9f8f5f9d3962ad042c6888541c8e426b5f4b05575a6ea2e38b6bcfa5f568198d74b2a86a487da3a9a3a9aa0b4052d05d731a7cb6b433ff9a41b3d28b73d6988ea7f16dabc4a71c593238b9e5479e781a77f0d0150e9fba5868fab5d2c679dbc5805b5790acde0d37bfb4e31c3b32fb796affa270dadbe5507fa88c511c99d88f4978d260f154501b79a7a156130aaa1b198db67a11259d9d7a8498db100d02fe48faa4fb97f8fbff00504b070825edb99d7d060000c91f0000504b03041400000000007b4ad938eea04496ff030000ff030000080000006d6574612e786d6c3c3f786d6c2076657273696f6e3d22312e302220656e636f64696e673d225554462d38223f3e0a3c6f66666963653a646f63756d656e742d6d65746120786d6c6e733a6f66666963653d2275726e3a6f617369733a6e616d65733a74633a6f70656e646f63756d656e743a786d6c6e733a6f66666963653a312e302220786d6c6e733a786c696e6b3d22687474703a2f2f7777772e77332e6f72672f313939392f786c696e6b2220786d6c6e733a64633d22687474703a2f2f7075726c2e6f72672f64632f656c656d656e74732f312e312f2220786d6c6e733a6d6574613d2275726e3a6f617369733a6e616d65733a74633a6f70656e646f63756d656e743a786d6c6e733a6d6574613a312e302220786d6c6e733a6f6f6f3d22687474703a2f2f6f70656e6f66666963652e6f72672f323030342f6f666669636522206f66666963653a76657273696f6e3d22312e31223e3c6f66666963653a6d6574613e3c6d6574613a67656e657261746f723e4f70656e4f66666963652e6f72672f322e34244c696e7578204f70656e4f66666963652e6f72675f70726f6a6563742f3638306d3137244275696c642d393331303c2f6d6574613a67656e657261746f723e3c6d6574613a6372656174696f6e2d646174653e323030382d30362d32355431313a30393a32353c2f6d6574613a6372656174696f6e2d646174653e3c64633a646174653e323030382d30362d32355431313a31393a35353c2f64633a646174653e3c6d6574613a65646974696e672d6379636c65733e313c2f6d6574613a65646974696e672d6379636c65733e3c6d6574613a65646974696e672d6475726174696f6e3e505431304d3331533c2f6d6574613a65646974696e672d6475726174696f6e3e3c6d6574613a757365722d646566696e6564206d6574613a6e616d653d22496e666f2031222f3e3c6d6574613a757365722d646566696e6564206d6574613a6e616d653d22496e666f2032222f3e3c6d6574613a757365722d646566696e6564206d6574613a6e616d653d22496e666f2033222f3e3c6d6574613a757365722d646566696e6564206d6574613a6e616d653d22496e666f2034222f3e3c6d6574613a646f63756d656e742d737461746973746963206d6574613a7461626c652d636f756e743d223022206d6574613a696d6167652d636f756e743d223022206d6574613a6f626a6563742d636f756e743d223022206d6574613a706167652d636f756e743d223122206d6574613a7061726167726170682d636f756e743d223822206d6574613a776f72642d636f756e743d22323722206d6574613a6368617261637465722d636f756e743d22313730222f3e3c2f6f66666963653a6d6574613e3c2f6f66666963653a646f63756d656e742d6d6574613e504b03041400080008007b4ad938000000000000000000000000180000005468756d626e61696c732f7468756d626e61696c2e706e67ed97575813ef97c751942012030852a483804a915e4253ba9418851f2225f45e824a6f4a914e40d100a1682882d2a48420109af42e113091d04109108a40e89bddfd5fecedeec55eecb37333739e79e69d73e6fd7cbfe74ce203330320130f131d1d1dd0c850f721ed5c4f47778e8e918176b52ba24ca4a3636b30d2bd6b1e9cbb9e77c99be3076737057f4b70f661c5fb04af4f35d81716fee7382e9a2b445bc0db39ca4ba227cc653f602f08bd103467472618df2963fb80ae47ebcba2539918a52585dfffd3052c7577f9dc7f3243396e7c1382d87f5f0f7287b4c2be0f9207f3c041aeb846caa0c67ede1bdf0ac55877e18820e517e9e63ad0ab010ff0ba7cec8a50809e29feee7f271c93d06bf19d566b3a3b3d4259c2227ed884fe295e5e4068291d1c1c2ce31f41deb61eecaca0ae493dc9da5b27a23e57e108e17fc70c9629ad674ab0f0ad38d593bfe343fd6f6f0f85515adc0ef7d6bd42f7d66e12a34e762dc73f42047696517e3997a5b16d8328e591c5a525a3e9ce574079a79e34c5d6b3d3a69f7ead27d15aa7d4ceafc5211b8d2b83a9ca24ae89a8f944f19c88fd69cbfef5da114dd7c12cd929656d943824df1ba1b1f778bcd00074b33564c7f5919d9d34d1b2cace47206491d54aebf9ef07b58e5d4cf2c19bb3d5a44adb2686a6a31cca7d9ee25221c90616077ac6ad8ecb320a85faa9720b3d08657ac095cc5df264152734ea68bd61f9d3e74a2652f00210fc74d1503ef4af3beb71eca5ab45b933696a428ed59e3f6ebd79fbd6e59db4ad27ee6019b5899d988bbded0260e61244a7ad8104a9f66368bd3d5aa2f216161618978177ed08ad5377122dffcd60f15c78f416515e5e3e6675d5131cb6e7bdb347f443d9b5845e34c32b5592f4750ad9770ba24e6f6a0daa53676396ce7ca7bf66cf75c6a34e4f8e50af5fb33d1b906ac81233cdc972cb0fd1c7d0cacc701dce55ddcb724acbc8e7d370a0905a62525298c90dad7b04af6dee16a9b65316e1d3cdb6e6e3ed01d7f6e88b989a1ab61986877bc548bba4b2194af253191c15ddb8dd7fbb58b9f5648f084c8b18565dc9b2b40bd1ebe7e4e48c2756356da8856df789a392a5bff69a14684ed7798c77eb930356264b63a725f4d67104fab318a7d66f968d80f9bdc5e5e5570542a7120bdda9977fc1a851e1797774d47f671452e57e575cada0fc6a7c3618da10c5324d2a364666adbb3fab9b4e3d00fc487d88df7d2b658d99aaababd3fff179835962956716b6566296975415bab333a2959c17decded7641de75b01a098b6ccce2f4cd7e907e57b0a4ce9b88f52f9ca621967a36531bb8fea4c9b98fad19bf9ef4e82150cf96fe38392fec0f1bb4c1f3477fb955ad3e666971b1176355eb9abd3c84b29eaacf530b60037f0d204fb812ea3c1e5656578fce9f09e9bc320c714311215a27ec4a41b326bcd650a883348eead85c4a006952b5f5b509181f2fb5e7bfedaf49db249c9ce09c010ff08a6dad8fef61df97979bbcdaa30bf597acadad3575752d293786407a42bf200b220f3d16ec24645324ce0a3fea67eb255fe36e56f025d4f57de50473d74bdcba2507d13c2862e439deec042d8fea80146992abfa436a39aad45c67b84cab83ade571e868b2135f7706b1de4b9cbc3c9c777daf948b98268e4b3ba2b4c24eed1fc9d83567b5f8f37d28f57ad15036577e534a4af15189096b134ff4fa8fcfc8f29eac6a79adf38ce3bb58252d2d2d76719f55db7f5fb7d91418d6086b8dacb912b82b14cf2b5c7072b834802482b48e1f0c26d198b55271f7f47a84e092edc0ed0c831d21516727fb2f6b87a47c560977a1932f4a4d6d1f3ca08b7f35f5830f1ca830b62bef36ac0bf1ce51f2b9e5fb4cc594f624245705ba1aabd142932519335e5279833d009840c0236d9e1a0d627e87627f2e94a59a029b8da76354c58a02ffa746f53f0d0df2f46cadac3c402ab37446dc29ce4843f114130ba46d607691106e1d434cff63d18f1ea47110bb88642be51da366fc6492cdf5a3893dabaedf90ebefee24aca7e8415a89ac9939444167e27097bc7e15a2eeb0f1955c49d73e5a5b53133d137934c4ff7cf42ef182748faa206a8dc3d226e34e6948cd09dbcb14bacf96554a3d7c4136260704fcdd55fd3cbdbc8c0ca18cad0c7e7469a9041cadcf84b1df9aef7afd4a454a4a4a923cce041e7bb248d2ef575a03bb8fbe6f4b5413abd8569cb411914515decc2cf448b9fa236641f368ad76af04e5cb94fe094d83ccd0d8a1aaf534b4cf3059b2263b3b7bef433cbf5cc244d4ec4b0043adeb508d01af7f6cc85c1c270bec099a2ad2a145483d9e3114fd7b7a4411d1afd70bfc79dd177b8ef5f4463cb57ed2ce2b7df57c5f3ccd4f642ee56ef033efd0402d8c24a779f047fc858660bfacfdacfda8f7c49db7a172324ff4e3307aef6759ba1cb6aece5c53645bf33ba7c85035228532a06d63a8ca7be12eb6ea7693e993259ad0628fa8ecfd630add89ab5bac67edb0a8931b3eda94d61efe3043bfb49ad6e3ede4bf7bd49944e3d0306f4425acf1697102c79148bddc9e4eb764ddb973e3344ae156e8b5ad1e01813aef9fdf85eb2fa2cf0a917bbb82a8b69f6e05a97543dbad61bd1d0baff368fbbc5efb28e4d84d947aee8ece4613055774d4e3d6b26d5c8448987f24216e0c599b6cb27bf2ce4cbbbd374364e959816684f39f0bd8a1c8b8b8b8ef5e5fed146c3861573ca45f7f71e864b0b6b54d05c8718103bd0731ee1abf4ffa2a3fd84de1211abb99a28d08c2f7dec2e80b28c3cc4b6147b47e28377c21e3c4d3c9ed68e170bb372a217f8a38b285511e4c224c4d571a80e069673f5ccd5c63e8f1897e19ce4423c7d538d33c14eaba0a94582ab57ed5190d78354b69de315b144f29fb281618181ef29754688050eaf3a6d0b43852e73569c6c6a87ab5bb8d215fd92f7f2b30c8c2e2ed2eb910b39fc22dbf09b712bde83351cefd54f81526c8ccec4a9a5b9ae6a1bb114f52be8667ccc2cb6705c515869249dff4ee04d8c72fa858cf9c93f4d9ca81ca787b06edb870d7178f1dd18bfefa36a9a20b3cba361b57531288d1aa94418cbde5b8fd4fac4f52438b83756164b8f1fb780384407dd3d8f8d12e94783d500ee3a4155e384bec2392aa2bb6b835a4312252b67886fd9e8e86ef7c41bf1c340f16df8c5e41440104c125a49f78a8b51ab4652c40b1be7661c0c0c8392c2c9cc1daef7a58133832423d322cf39199aadebbea76b791fc96545a4b3a3e6a3312cf133526cc9d01d56081b2240671302829a734062db6fabe34514dc2137d25294794e659524a525215eda9a91f75f12a21c1a09ded6de794061a8a6ca3066ed34b2b2b0353b7bb9300207ec92bc0cc1ea5b5cb2382ea2f6856291bc3009483c7da87079e1e1fb84e553bcc97c57eacd689bf22c7a01eb06abea5e9787ccd6895d8e027d363f6dce418c875475becbe430a4f4f0f160e856670ab3d2f4d5116f972d2f6927e687b6960ae54d6c5c5a52488427a0812936d2f4c549a092557c89924aacd3e7ef9867161defd6a9ac6b3659398444869d43aa15e8e3f55ce376cb6ea0db8c07e7bb14f69151847bf3c283f92e9750ef4490b16fccf881ab93c2bb0caaa56ac19879dc0ba9eaa89e67ce14278c9849bd6f8d0baed35a7f5d328907a9ef13b4959dba640d3d099b9cb86cf658e35ee1d2d0f663b7523046400df541bc3d8f8c50969e6afd9a032b65ff16d618c808b6d430c635641f03b293c8af79b9f63553fff5321676565358723fd998fe550810ea4a89918c58d8a99e572995b5a267f645998afcc8adb840b59d77bde50e646b71feaf63ce7b4d08d383d58713a5687f770822472e5489d09f18e1db197ba117c9d3b2be4f62fb34bbaa8b38315010f995866b84d538036aff0da645541f9be9d495d1f726b85a94a9457698bf48012e743a82b0be6f3c7d1aa9207a96f6a9b3445b48c2d1c906735ca82b97294fda45dd402564527d1ff6adc7311b72525eb1e036c0cec65a537081cb411849094c41422385d5f0b679a6bf726622a1803e73ae2a638f725e75a36f77b1b40e3a059f8a7f272051a2eb5d8091c1f0e684dbe7fe9266bfd3effbcd1055a02192ecf27a637e73a4dcf4e4f8a39e9b17453239464bbabc11461697323a3446cef6485356728d38989fa2f8517fc1c769aad9a63b250509666841ae15aa8f65c893e24d56e74b7ffa5b5dbfeaf67909b6481b452e4559fd3e39d91aeec4562937dfbf9a3e9a019ee19b1f001ac9d4a7767921cf6033c6ac1c61f38dff26133f8ab9dfcdf8ec39d2ee74fd4c0d6d343f29ca28484443a691406a0180d0d0f772b10cf6616ff3e0f31dcb22f2cecededd51e91948ec06e9ecbb5735f283145496e0854028759c73d4f322f066bcb7270ae8cb584edf3912ecf688687cdfddaacee684a7ab6bd0edfff87f0f6fe4361cfbfc28fe7bdb8ef9ddfe26fdbdedeae6e265f724e0ce9e75fa30d56fbdd6bf482fdbfe5a0d37d1306886cf73369dbafdfd628047ed14fe21948790269380f1c4f76b8a6be37e544cc84e8a3d74b8931210289fdfa0864a9599632a9563568e35735e7b72269849f5bf8f5cd8a58ad599c8627fed479fffc7a67838bfa5860514e66020f067a6b55a8eca22bbf3be3bef85b4c409e5e2a2750b261073d364bca37ea2c1946fb4e946737b3e3e7f462d2335fd7e41fb636bbb3d4c81b1a416c919cc07b0f877c23a0bfb8e929b145ba7876f132087c03f09f3f3282ba52b576c7cec9a18f05ca60b49b6353dce05b4d2d2a9c743ab154c5403333332e24fd9948e60b71684a2a15cbbb252bdfdfdfef1c3df40a787d90b64b3efc51c75beb98f19e999d332412696d0972822bd0d13e9b00b8108b7d3cef62ffd04c01c75be22bbc784e8c646e6171979d6de5bcac140bdd4addb8d99b9b055c2bdd9255150e3849b1567b8244777dc474d612c0418336dc2f5734903ac261d9aaf189fa5917e3ef5c5ac90fab1cbcdd2e43f8024a8b37d248783349337d413098a87976bc23e718b367ff94b5042e6c0688644f5e70e271a1c1d8a56a7fc62aa2dffb4d0c2650d64aab4f339061dec22447c12852962f55263ea48be57c77b96cb2340f98be00a5e021bc2525a86fd2a20be71a94d25f141b0cd08773e1e7169cc20f96904f6d0482e81fddfb2220b669bf6c35838b70e1c7203a59a52eafb084c2d5d5b3120163f3ed8db4241755a8298dbdc1e99b828eccfc2b0cb285b8ce2b60490e64ca9aee43e155f735e674491c6fa80b24dc3b258d0fdccff62c4a2332d42dd33d3ca5b9b9994b9eaea7abce4c7c4290d49cf0ae0bc432dfae33b755cb58683fafe9c1b596c9d935cd418c9655647467291488c533fccbe8ddcdd125e3c5fee94f5706d25e33dc700c6b1ff6fa1a8587ce27aa39b3a9fa072e320a03df64aac130480509cd394450ef2cf23bf5a7d63ccc9ee936af5c5757179b37af56aede31638a5367767404426d5522b1fda50a1f9503982b4cf5178ff4444c71f79d2f1669538bae6c3a94e4bdf346cc946de5f276b5b9b9792f8b6824c71503e66f082747efe9c99e172bc0f8fffa2e2cbf023360f6ea09b598bc7e4389d18648623d2f23a2e97449a803f53b949a35bb9478beb8f34ff48c4907941ece7c3cc82cc4b6f9e27d79d0b759c0677737bcd1b7ff58110c7b7d03787f39fda68444354b7083ef7447fe28e57a05bdbf245a10f70ab01104a9d1fe43c70f0185fa52be25065d687711800978a8acd5707639a7b1badddbf4ca2bcad4573cbccb03f8df9ca5ff3ffcbf149ed1bf4cf3f36a26bb17d1d10e233d33ddca7bf6d1ff06504b0708749886c442100000f0120000504b03041400080008007b4ad9380000000000000000000000000c00000073657474696e67732e786d6cb5595d53e24a107dbfbfc2ca3b02a2a894b21570d9cb8a4201ae75f76d481ac875329d9a9908fcfbed4982a5105c0ccc139accf4d7749fd33db9f9b60cf9c92b4815a0b875aaa715e70484877e2066b7ced3b853ba72be35ffb9c1e934f0a0e1a3178720744981d6b4449dd076a11ae9eb5b2796a2814c05aa215808aaa1bd064620d6db1aef57371265e993250fc4cbad33d73a6a94cb8bc5e274513b45392b57afafafcbc9dbf5520fc53498edab2a5dfd5e1522be29321b526312656795ca7939fddf39c98c7c179aaad35cc761ed7ef3265390fe94020da189cd49f6d89876eb90cac66b008bb7a83979fb3eeef945eb5d096c8c91b37ea35711bd0984769af5da45e5a6bc2d647fc13d98ea3cc9a5f3fa55ed30d1cf81afe779b26b67b5fa8166ff0bc16c9e6b78f5faf2bca0f0d11c1743f029cda03d6762066a43c1049103134e53cb188ae9e88a96c4858207f46197f429e36a6ff1a59045a540f8b0047f3b56f93996eca1ea90abfd22def5374c555a52023b4d93ce67c54f7257f25d5f54abc5a5eea895ea59ad5238a35530e160a55612c916ca3b913bdc55256797f5cb8b8344b7506b0c7365d72b5757c564ff460cc7246933dde6284970c15818a11de66994f962ab958282bb6a041c3c0d7e47d28302e59cf3f07d6dee7a9d957bfe026297fdf9287d104ba689ddbe424caeef0f98646346a9308a9867e0e0e860392094d14330e40b9b10540c2d3fcaefc7da807d8f34f0ff02e0be7a8cc309c84f9c39405b8fda97a7c8673a0ffcd7b97840a0be87915e0d981dda9a0994d009a4d2e40674290185ee0a9be1220a9654b520db18461294e9bf8e8e0d49e046e400879f38d919b803dc484fbc2309d8208c38fd6da94e062c0269f48c40c79b74720c4fa8e4139ceb4fa70414366295f86158d6521667cddd40a226d8a67cba87d5a616a6a07ede0a04932ba7bca7c9090a5ab03733b4837293688f5560da8d35a6296a292ddb485c86dc4a74483cc8dc74ffe229a6f046c7a85ce1b738132f8a826e90aecdb817f3841e6d25bc2b04ea44c36e5e28086f3d64fe10988f826f25fa7110c1340119ff8f31a98336701ba74dbabe2fe9b805e33df2c84abfe146115f3d2990774cb3e38bef9816c366c18dd82bfc4a6f2afaa2cd511d67c4dc56f283e384f1bbec92c5343636e8a0abeee9bc5d1530318885a7635b65e8f260262879471aa301aae03335c54fa7cd83c8556f6d8d2b3caa6df09f252d951dbe4ac8d5461cdbb194744c26a90d309adf11c6d2dbc29a74aadf032feff011759b453a967027d9a23ff95ff585616d0be627a832c4c53d808db626a391c7ed096eff7824323a6c799010624a15f820c7b0d4cf92457d4161a574b4d1942ae8733ff3fc01c844cf5a3f97dc41d81a4b548f4de00d88ec44cab45f9034037f19740f67d2f7e3b4ab479a1ab4e307edcda575a245767c4a406208342b18d75cada569aa6864eca095a34aa720892aa29ed996fc1f14aff927d57240f3c1392e121d3489b699f0805be0a08f5440a375c8849f335627377905bbcee4e07fc64a07d395291bf51ce8f9031331e32d09ecc50e47a821983efd15c6985e4f58ac1c0266cab175ab60a77c327436be980f5aa6cf622b8c37dd5a5fc5cf09664b1214f2d8d874082fd8bcd5c9ae2a66d062decb4c622c765eec1d3bcb0f6377d3e62477a376e6581a3abd17038c56e85e2c296f3df80d126988facbfcf4c5fbeae4beb9bcf545b4bceb5b71f30f504b070891b96701e80400006d1e0000504b03041400080008007b4ad938000000000000000000000000150000004d4554412d494e462f6d616e69666573742e786d6cb5954b6ac3301040f73d85d1de56db553171022df404e90126f2d811e887661492db570ee4d33694a6583b09a4f74623cd68b1da5b53ed3092f6ae134fcda3a8d029df6b3776e263fd5ebf88d5f26161c1e90189dbd3a0cafb1c9da79d48d1b51e4853ebc022b5ac5a1fd0f55e258b8edbafebdbc9b47ca82ee0411bacf3c278a82e32ec35d47c08d80908c168059ce3943bd737475773ad6818f72c2ebb87644c1d80b79d9042de25bb4d79f36ed0638ac720e859120327da402c8307a5d0609efa28558a713a62ce62715711c1603c301682071f52c84f2015c2473f46a472373d855e0ccede9b62706d614492af9a2d042aeab893fdbd5f507253f5344937ea5af0b718ee944f9d484eb57a139efdfcbf62fe9d4b7c3048b3632d32ccd678d6db64370eb421c9a76113dc38377cdec42273fe10cfa95dc81fffe1f213504b07083562d7393e0100004a070000504b010214001400000000007b4ad9385ec6320c27000000270000000800000000000000000000000000000000006d696d6574797065504b010214001400000000007b4ad9380000000000000000000000001a000000000000000000000000004d000000436f6e66696775726174696f6e73322f7374617475736261722f504b010214001400080008007b4ad938000000000200000000000000270000000000000000000000000085000000436f6e66696775726174696f6e73322f616363656c657261746f722f63757272656e742e786d6c504b010214001400000000007b4ad9380000000000000000000000001800000000000000000000000000dc000000436f6e66696775726174696f6e73322f666c6f617465722f504b010214001400000000007b4ad9380000000000000000000000001a0000000000000000000000000012010000436f6e66696775726174696f6e73322f706f7075706d656e752f504b010214001400000000007b4ad9380000000000000000000000001c000000000000000000000000004a010000436f6e66696775726174696f6e73322f70726f67726573736261722f504b010214001400000000007b4ad938000000000000000000000000180000000000000000000000000084010000436f6e66696775726174696f6e73322f6d656e756261722f504b010214001400000000007b4ad9380000000000000000000000001800000000000000000000000000ba010000436f6e66696775726174696f6e73322f746f6f6c6261722f504b010214001400000000007b4ad9380000000000000000000000001f00000000000000000000000000f0010000436f6e66696775726174696f6e73322f696d616765732f4269746d6170732f504b010214001400080008007b4ad938a07f465bc7040000021800000b000000000000000000000000002d020000636f6e74656e742e786d6c504b010214001400080008007b4ad93825edb99d7d060000c91f00000a000000000000000000000000002d0700007374796c65732e786d6c504b010214001400000000007b4ad938eea04496ff030000ff0300000800000000000000000000000000e20d00006d6574612e786d6c504b010214001400080008007b4ad938749886c442100000f01200001800000000000000000000000000071200005468756d626e61696c732f7468756d626e61696c2e706e67504b010214001400080008007b4ad93891b96701e80400006d1e00000c000000000000000000000000008f22000073657474696e67732e786d6c504b010214001400080008007b4ad9383562d7393e0100004a0700001500000000000000000000000000b12700004d4554412d494e462f6d616e69666573742e786d6c504b0506000000000f000f00ee030000322900000000),
(6, 'P.V. détaillé', 'Document', 'pv_detaille.odt', 11791, 'application/vnd.oasis.opendocument.text', 0x504b0304140000000000534cd9385ec6320c2700000027000000080000006d696d65747970656170706c69636174696f6e2f766e642e6f617369732e6f70656e646f63756d656e742e74657874504b0304140000000000534cd9380000000000000000000000001a000000436f6e66696775726174696f6e73322f7374617475736261722f504b0304140008000800534cd93800000000000000000000000027000000436f6e66696775726174696f6e73322f616363656c657261746f722f63757272656e742e786d6c0300504b0708000000000200000000000000504b0304140000000000534cd93800000000000000000000000018000000436f6e66696775726174696f6e73322f666c6f617465722f504b0304140000000000534cd9380000000000000000000000001a000000436f6e66696775726174696f6e73322f706f7075706d656e752f504b0304140000000000534cd9380000000000000000000000001c000000436f6e66696775726174696f6e73322f70726f67726573736261722f504b0304140000000000534cd93800000000000000000000000018000000436f6e66696775726174696f6e73322f6d656e756261722f504b0304140000000000534cd93800000000000000000000000018000000436f6e66696775726174696f6e73322f746f6f6c6261722f504b0304140000000000534cd9380000000000000000000000001f000000436f6e66696775726174696f6e73322f696d616765732f4269746d6170732f504b0304140008000800534cd9380000000000000000000000000b000000636f6e74656e742e786d6cd559cd52e33810beef53a87cd89b31010e8397782a3364aba862188a64a6f64629b69c889525af24e7e76de63acfc18b6d4b728c83b1e35ac2ee7249b0f4b5fad3d7ea6e395c7c5c670c2d895454f0a137383af610e1b148289f0fbd6fd3dffd0fdec7e8970b91a634266122e222235cfbb1e01abe11587315bad9a157481e0aaca80a39ce880a751c8a9cf0ad55584787d6971b517ac37a9b5b70dd5a93b5ee6b6cb03bb678d6dfb305d7ad1389577d8d0d1644ad9ba7a2aff15a313f15a07a96634d9fb15833caff1c7a0badf3300856abd5d1eaf448c87930383f3f0fec6c4538ae70792199452571401831ce5430381a045b6c4634eecbcf60eb947891cd88ec2d0dd6b81155b59cf73e11cb798b34f102cbde67c38277c37b9af40fef6952b7cdb05eb4c4e443f00526edc797eba7b320b3bebe0c7647aa58d2bcf7361dba6e2f84a8a81a0397a096eec9f1f159e09e6be855277c25a926b2068f3be1316671a5b8c85e120d708300103e599a635a1d7c23846a313809dc74055649ebd27f7cb99ec40b92e12730dd0ff629571af32765524ad8f6c0541b2d6341d63991d4840133d0c46c4624292c0152893cac2de022531ad72af3c08bb665d8855005d5400ae5d84f714cfc84c44c45172e9daa61e49e0d95a17743b359a1d09dc8304737e21cc1218414daa233ca3643ef579c0bf55b13eac63db4e3c098f873c26187106b69d03b889cea18b26189253525d40b7a119c60aef67373a81eb4d48a2af51a5a97e4017f2facc35652354c1f4a1ba549b68f53d016e4721c171a14d734f6ed3a55f4ede7ce0e6e0795af92758e259e4b9c2fb6133060fabb7df09dd5040e798265e26d17ae8cfc1cce2e919a128552619bab8f199dc3798d09b745c0593c144ad374e32be880b0ee4a48c89314335513dd5aef2e6877bc2274be80ea36132cd991ca4df850f0306f9f368d819175093072d6d4e990eae45f930a8a88d4ef58a9d3f7a3546db4e009917037227e79fb5482d14a976790154d4c3b3799d68288051370e1b17adabfbdff3a2c67ef272ccf95e2d0b831ebd0aa1d50a955427aeb356dd446c3d2fb3f500e5a0b7d393113c9a67a304ca30bfba2a3c85f05bccd550da33988ec504255cef0c61785b68799c13d8b0d3db886d86927d01563105a09fe05371c5fb5d874dbdc5eb78a89d06b17b9742f6656f676d50a45a46fef675dc3d5b50db382f87a939bbaa2a5597e3be51e7d8b801d00042504318cd4e34f7799ac71332bdc2b62c78303b9bcc4bacb25bc8c1ddce535857b8e02a70ae15893422a94cbc79fca5de66bcecbd9fb5c1237f9860c24d97280cf175964a61682d9a159401979201aba91c8324ca5e5550bc72e99127c5f81df8a4d02eff0943110a30f9d12ede8045d29923bf37a97817b68747bf7f5f37882be8fef3e8daed1e5185d8fd0643cbaf93c2e97cbbbed2fbfa1860c73a2dbb2276a665a9336d84707f35e4fa4a89974aff01ebcbbd9132f1a4f4757e39b29babd1b4fcc775856ed1cde2c1b06d08c23b42dc78088f681f705a35158a2ae9ad4191bc7677f9c6a7bbe1b97bb86031fa243eda52a4f2fed65a7ba1d683f5d113ef5a2d12de4f4a7d1f4eaeb0d82fc684f70f456b9db67e1b74acb6e79ce2048c494dad8d4d7259133cc10511ae144e41022f4f80331f78b41c131a71985c1a31e6ecff69f976607897a36a27f2cc6d93e31fa727e6a33cf39b7b6ab37235dfb29c6ddb1839deb77d0f23f92e86f504b0708a1876801e604000064190000504b0304140008000800534cd9380000000000000000000000000a0000007374796c65732e786d6ccd594b8fdb3610bef757182ada1b6dcbbb9baeddece6d0226881248724ed35a025da6222910249f9915fdf195294685bf26a1f29bc8705c419ce7c9c27397efd6657e4a30d539a4b7117c5e369346222912917ebbbe89fcf6fc96df4e6fea7d772b5e2095ba432a90a260cd1669f333d82cd422f1cf12eaa945848aab95e085a30bd30c942964cf84d8b907b6155b9152b6ce876cb1cee366c67866e46de83bd74395cb3650e77a78a6e876e465eb069b87d25876edee99cac2449645152c38f50ec722ebedd459931e56232d96eb7e3edd558aaf5249ecfe7134b6d00270d5f59a9dc72a5c984e50c95e9493c8e279eb760860ec587bc212451154ba6069b861a7ae255bd590f8e88cdbac7344946d5e0d8b0cc87eebd4a87bbf72a0df716d4643d3eb99dbc07a2fdf7fe5d1b0baa18aa0b790f4c95285e0e3ea6e30ef74b291ba8b8c125a8853b9b4eaf27ee3be0de9e65df2a6e980ad893b3ec09cd93c6e2b2e8321af0c513e0206c83611a8dea121294ad38baf7356a25a13ead68c248ca925cdfbf76b1d52c8fdc37dae82efac08b65a5471f6541c5e8839c8fc023104f9ebbe0f9fe2efa959652ff7ecaead6a3d18102dc42d64c30c5e1e00ab90f384a6e12088d0d551ceb49341904f01315fa616c8e6b002cbde55a3f07d69fec2bfdb7b20a7b41053c4320edb561c54398267d4eaed75d5ff2d853b6a2555e772b2fb9c6b856b4cc781279defa9b940aa254190edd0d6bf6426734955b02f235336477174dc75709e0ec20ee8f88060a0a81facb882e6902d59f6452f1ef009de6c83abb3dcbbc4118c9292ba4f450a927ac1d326bb3e4708e2d371971fd7445731d44414915b5160aede348c84f686524ea80d0e029938e95e66546bd020b63a918855ea50db8dc780a160cc456c814b6e78a98e54118709132ac6378ef080fe3417a8cd09fc1d3b2d41827fdb01b76c47d729a4a33308340af5ae589cc257432a32aa8802be91069fe1d90c6b3d2d8b59c8a7545d7b0b45276219195300ac2e1edc7e6f8cc405524df981216ba13189c126512a8de14ebd9747c5336f6f1e23df5fb6ee749b5224f11527408c5de98b39d077c24b4a176886d6856706bd683bc1a926c8d1fa2b30105a6cbf665c604b47229484ed3146c66d12006f07ec19b130c8cbbb21289a99cc02d90a1c1c0d1c1070f07a60f289272484f814ae2f1ec266eb3e630744bb0679b324f88afc073fdede94706216af5c17458e27f70a05ac54db89d55fd52e11c461bf3b5e43804152b281704ef863e0e67274c65a5b3239667e48a7d6684452d676118b957c8522a4c0d8c3ba8e51044392d3506f573151325b747ca61e52849bf31561223d7cc6478cdc7247c4871a8d0c5f62748a994aa34eaad15de7d39d51ae0413eb5d9752aef2f46d320ad7bc5c142f38225dd5004a66ec8f01916becca65f9632dd77c17aa8aa155441c9019395d878af67b6f1b6eb4b690c5e7da127c7b39a646d6c1bb2b00d99e65bbad70f9597d3dae16f8e4765e3bacd9da7657ea780c766300a6903e78180e9720254e632a7fbc04da390fc9c2078b27fcffb76f071df41d379ca39cec46a8e220704d081a3678ff1d11fb4c492f882f607948a3e32c1da2cea4b303b0872630a7ba7d44d03b0147b27f0538c697fd2f5f462b7e6a65a1caee5f0cc386bde03a235494deddbdcd90383ed0dbd1630d87f7fc3357bf782dee356de59efbd902b1e15be56b2ac8c7b4e74ace56cc3f2ba4b3a18b800e29a165115040731144a73733eccaf7aebf1010b8ef7d92550dacb243c166fe3ba24f4691f886b76a1b8ae2e14d7f585e2bab9505caf2e14d76f178aebf64271cd2f14573cfdff811d9242b4421aa6a1898a155f57ca3ef2460d81d4ad6d25a5c1ef2ee071ddbcdc546f43f30a51d58b7ea326a5d4dcd809b61d1d847b5cc7c3d902caf3337c3cd170844ca47d007937402f1e2dd222e852d3dbafdd2cd43e73e6f37652d2659d5a486b859cad4c4de32251f65729ac89c1e0d74a6be7bdf8f404993c219ee06f1a6bf036dd83770fee376511471d3c47773a4bd9f2147fc3994dc77377104fc8185f67f8ca9f8f5f9d3962ad042c6888541c8e426b5f4b05575a6ea2e38b6bcfa5f568198d74b2a86a487da3a9a3a9aa0b4052d05d731a7cb6b433ff9a41b3d28b73d6988ea7f16dabc4a71c593238b9e5479e781a77f0d0150e9fba5868fab5d2c679dbc5805b5790acde0d37bfb4e31c3b32fb796affa270dadbe5507fa88c511c99d88f4978d260f154501b79a7a156130aaa1b198db67a11259d9d7a8498db100d02fe48faa4fb97f8fbff00504b070825edb99d7d060000c91f0000504b0304140000000000534cd938b27aafc4ff030000ff030000080000006d6574612e786d6c3c3f786d6c2076657273696f6e3d22312e302220656e636f64696e673d225554462d38223f3e0a3c6f66666963653a646f63756d656e742d6d65746120786d6c6e733a6f66666963653d2275726e3a6f617369733a6e616d65733a74633a6f70656e646f63756d656e743a786d6c6e733a6f66666963653a312e302220786d6c6e733a786c696e6b3d22687474703a2f2f7777772e77332e6f72672f313939392f786c696e6b2220786d6c6e733a64633d22687474703a2f2f7075726c2e6f72672f64632f656c656d656e74732f312e312f2220786d6c6e733a6d6574613d2275726e3a6f617369733a6e616d65733a74633a6f70656e646f63756d656e743a786d6c6e733a6d6574613a312e302220786d6c6e733a6f6f6f3d22687474703a2f2f6f70656e6f66666963652e6f72672f323030342f6f666669636522206f66666963653a76657273696f6e3d22312e31223e3c6f66666963653a6d6574613e3c6d6574613a67656e657261746f723e4f70656e4f66666963652e6f72672f322e34244c696e7578204f70656e4f66666963652e6f72675f70726f6a6563742f3638306d3137244275696c642d393331303c2f6d6574613a67656e657261746f723e3c6d6574613a6372656174696f6e2d646174653e323030382d30362d32355431313a30393a32353c2f6d6574613a6372656174696f6e2d646174653e3c64633a646174653e323030382d30362d32355431313a33343a33393c2f64633a646174653e3c6d6574613a65646974696e672d6379636c65733e323c2f6d6574613a65646974696e672d6379636c65733e3c6d6574613a65646974696e672d6475726174696f6e3e505432354d3135533c2f6d6574613a65646974696e672d6475726174696f6e3e3c6d6574613a757365722d646566696e6564206d6574613a6e616d653d22496e666f2031222f3e3c6d6574613a757365722d646566696e6564206d6574613a6e616d653d22496e666f2032222f3e3c6d6574613a757365722d646566696e6564206d6574613a6e616d653d22496e666f2033222f3e3c6d6574613a757365722d646566696e6564206d6574613a6e616d653d22496e666f2034222f3e3c6d6574613a646f63756d656e742d737461746973746963206d6574613a7461626c652d636f756e743d223022206d6574613a696d6167652d636f756e743d223022206d6574613a6f626a6563742d636f756e743d223022206d6574613a706167652d636f756e743d223122206d6574613a7061726167726170682d636f756e743d223922206d6574613a776f72642d636f756e743d22323722206d6574613a6368617261637465722d636f756e743d22313731222f3e3c2f6f66666963653a6d6574613e3c2f6f66666963653a646f63756d656e742d6d6574613e504b0304140008000800534cd938000000000000000000000000180000005468756d626e61696c732f7468756d626e61696c2e706e67ed5767349c6db7261123896ea2970821a20b866891a811920951a3f7dea28e918430640852461d4497572fa3046130224aa284119d17895166f43183ef79bff5fd3bbfce8f73d63a6b9dfbcff3ecf5ace7bef7bef7beae7dedc44726fa4c97782fd1d0d030191ae83c069e8d3434b4340cf4c0dbbe08649a8686c3df5047db2c3c67130d0ab8f2930bb7ad0766add111b9e1842e035fe6be7239e1467e8108f705232906bde4fc911bc3ac52b1722faef6c4b8f628a8c42adcd571ee792dc27bf96afe639d3bc9afe3d8470c90df4ee6b7a92dfeca03b0d40c9098f8bcbf58bdaccdd6dcecc9c1d6146c2b77acd3da9b614427f6acf5dc2b51bed75965b10562ebf96589b76f781530ff77cc379112eb21848929f8e1ec64dbce37c9d502a48c425ed44e62ffd09092785e541d7508ad36a9e8fb6bbcc1730cf734b0f7caea728a96f2f393fd74f2125276b0bc34d7cbbcc2d2710eb6ad31f639cc7fac1d1666754aa8fe9265d71e9909990befce816db5b80de7a88a898beb7f13547049e0d1886c206f36cd0f6a523638a8a794ed09e3a1faef9adec7fb042ec9b3a3e514086cbbbda9a269d20e96092dd4739ca609c995738cd138fe5d68dce437eb7232940dc97efb96ddaa2372df8bf2e31e4b3fb52b1694bd32909efdf23c08f76d73bcdc94689fb76b6bd80e567ab52276cd874638376c2ec2ad2781cd6d035f5bf2fcec54e1f9c9f1feb575ff2f27134fa3c92b5d80c37e0816213fbd37fc12314210bf9c8ab5f4c20709dc154f5b468b4a4bb3af1ba132fc3bc862187b4200f643487d5d9dcef8c74d5a3a21a9a7cd3f642c6b3adfa7a74fbb0d655dd03a3d2a8c389c0d73a6a86d352f27d9e7a2509c666666f8cc5bee594d7391037bbf4744020a30694104a6fdc7e3cfa924445446c4c24bd0b733b45a98f23d04b3129c72a0141717b71acfe727c7c4a7acf850eba4414a8b4aec1eaab0aadf80ea0b5c9756b3c6e66ac0e8cbcbcb27649fefffb4588158dbbcd814d6a12ec647fc294e1f6c8bd8f5b1b2e2c9a5afdb42ca765896477d919e802dc6710dbaa6db8a5592a59b669c6ab6656c5b33d2eda3ad26f2d423827cc83f2dec7d1faa9374824fc96bd9e5a6a55928699b5f012d5b47eb1f6a08c565b3851a44217e8a84e08a60c2f43b345a80c24442f0dc727bb070ea74a63ff08a67491bc98fab8e9db83d476516b86d96b58d61c10ea8856e587aaaaef35785c14ff35bed5eb762ea5c073881e43daeb6fe89a6d5b5bd4045ce1619be239641b4cea8f5f8fe5274a8b59cef2f4558fff5f48488c592c00b3c744ef707ea92f920bf340e67c68ece34bc27ab1a915cb238a3d92a15d19f8fc69f747ec1b7a4cbb085ecae0e0d652979bb58b9b9954865cb3bc77b8e1625c6d94e77c061b585360d1e8e250f32af1156d6d66ca85a1e3fae5acd4fad1e0075173b24a0c2d18742a1b22ecb34d3c87e3a8865d14c154c35afb4cec4f84e679177d79c615fa4a768c1215788b22856991b3232a82a8d17e6fc6349498cef5028b15d5e458f17642759adfd71535cfba3023ee8a9be517208a7cc530fe268b3e79818c16ea368b2203fbf539dd4c371cd83d8cda295011c82a7ee7ed72a01c2f97c5c439002b64f3874faa32df926e2b7bedf6c6be360b6062cb44257773ef4bd07cfe11cac9ada5562d7e0c166b3cc7b176a41eb6fda6d656a66e6226692732354896eba509f253345d3d13d9a8eb5c43bd0d7cfcfef414e437998f43f6e2b2b6dac68c28fbfaae37f82049ea5520f76d3a56ddc809aba272f8992b1f55acc2faf32d6f0c1cb5186d5b613344e4e0ee741c3ca4d0de57f818014619543ecec04f9799d2c9abc27875fad3dccd31490aef51c2f4b6b1e5a54fce7cf686ab804c7c1deea5076a58d49766b169094ab3ea6f6e18b711f50716bdd4382c5b795958832212cb88cd4756d2847c8a3711d01b01214a46b3cfe3f6f2a7186585965ce02581775957b6b7b0d2da7f0c4368ad4fb36fe6835db5fafc4c28a8b40dd1b7b68102df1f21b5bb25066256b37f998505dfdde9ce7626cc7e931e1bec4fb6ecfa4e50f1cc3a98dd127911480a3b201788bdc91db0396c3cf4f4f0e5e9c67c68b05a8bea19d72916ddf1b6dd61ee2f0e56271a1b36c8f6c545dcd70be59698f5630182aab2d333535bdaea0397a0f0c06d3998c1b74714a5937188cb2961615f54cec7bc6a13da483fc455cf93002720e7716746c252a773e58d849c86777ffc789d813cdddc15b07ad84aacba99f0a3cc74a0c8c1cab5b5679fb0d9052759e9e9e072f41827209135fce4e29a05b6e83350881d08c0800d46cf6d605472258adf564eabc81e81ec0bb227a8dbaa153ded5ed9c6ca7d711474f2c6c5d53d7cff5230ef0ce2c1773b6fc18771762590aa208079e82117fb3b5b4c86fceb57fd6b5f6d8682a59438b96e00a0ea6ca53159acbca0ca245763447b944866a5292b6275f36a706a930c4e0317eb3bea3375978156f60921f7ee43771e6afe617220951c96b798f410da79f3731d90dab96870007a54d089ea9051a7aa7ac2c9225cd2b586b9d6045e6b8d0af1971b7af3a1c7f4408de34ad806dd4f6d103f8ae37f07df9fbcca318aefa552c6035d3fd9a6f3d75dbaf0e1fdd3f5cf86f8fd44f21ec549a0ce1c399e087d8cd42ab6a2af88f08f608fc2d71948342aefa802ae77824177514409efdcb4236f336ad5fbd6d7474474356d595e421641542912b115fe3185b5956d6c9c49324a8d13a5a17a0ea71d25ff5d11c3ffe50935c24dac2323dfab530862edbe0fd4518e5afea0e8561bab4cd4fceee14a0a7a49db14ad736e515622083afd7f1b355ba2c014967136e262eb1e7df27961a14ac886a36624b8687879973ca7cf1a8838b0a23e7ee119b6643f97638cc6f96de0c0d7d066f9813d17fa398e8b30db0d37483dfac353b832a07ae933ef796fb1b5268584444cbfe6e37e61068c801c156a2177c679ae583aee17cb607071f6c7ce78ff83bedad22581a86a7ef635a8b36b24db30427221dd63b99fba2311de72d7f2d3d290422d95a1a50f4312adc07193427f6a9e830513817e2ea3e8562e6abed85da2507d265537e4a78c1ba317ae4f0fbf971fa4821cce791510ad9719a2f5401e5aca60e253edbc1407cbca97a48e48a811117a6eba48368d6ba3f6133549a17cd5bdf5db84de3d2377e3bfbb68f519f2444bdfa1310d9891cc9c73fe5bb03c1d7d93f4c7f4d9f34d09df36cd450218e49337875d0d727c067791e64a2b2489739ca7c16f6835c872429ab4c45fc174c8b0adb607c6a25242442aafcd5250a705dddb08c77ef44e06dbababa6f5f68aaafcb402016c7762316ea010b77023d1ce052dd182223f6bc4ae092ce2d874e9af3fa0cc7ee6bc368ef78469e6bb9f7c32f4d637c25e19defc48cd9b7458efdd38a3a8cb395ebb6c3293df6e6e628c6f77785940e52a2176362cedd0a273afcf1d773a29c9e50b25d07505d50e7d748a4f1f75c8d627e46a7187d8e900e128eaf389bddb5b3f69c38db712f547c0376bcf787fe7cdea3d35f8ddec55abc84e695975a0fb7c2632e7288e16b2060e68cb1875ab6c317d4cb4ec317ad3496936eddfc09030abd7617199c1cbcfafd5e1b1b12fa14bee8fdd6950fe2d7f0dbfbf00cb6f0e7695b78ed1f40e86009ccf677dabc17abd9d621de1352b780863b25fca6dff61d3e1abb6f2066c8b6fff6ba11631b22e011cd531f56c11010a83b814da4c70881ac0f5ab9ff2e3757707a42cd36a7e69cb8170f14215ccefaeb88b41cfbfaf52512b8c07ea6d24d583de72bc0eb03baf11e725a739ab38657a079c1c3aabfb558664e7bcf5f2a4d3a945b2ae106041309de47a492836a64c355a16b00f9d8ac5f163ebf31e9b7c98a60a0ecfd11d96de7e208d9211c39c759b033679741c6618e7c4a5ea276fafcdb19f2ce8380feb4289feb98219e522388b966338cc6598a6921bf9afc65d70a74919c6edfde4bd412507979fef22ccdf19d806b3f25bf0e0f638a8b8b83eeb506bb2f82b1c9539f9e48b26d50c9bbb5d2555633c095a4550bc50b752e9a999bbbfdd3e502abe01a510218d407f0db6b5edb1a3d68066b8c8fc418b1ecf3c77b88ac0e38e5be247dc0b91af43c67a518714e37a70c8bbd1b98566dd324b32ab127420a18a1b1360b2753a9e1141d5587f5f1f2329bc1f397204ad65e0d31554f9867d43f53b63e0fb49eae32c0801bf8ae75f634c7b0a3031025f5f3f0433429046b8a6bc47e50afb0047181b7fcf92587b5c7f92ea5947a2b39db593e6fe37e70a5f2f01f2a56034544448cf21eef2e6894f3f0f070bb51ce9033f92f678a9a6b471e15959414b872a66b3e3da231911d0f1c2b31e69c6459a3ef4b706c8cfe7a4e3d9ffb3572f9f7af460273755cb550ae9d8af24c05b16a29234a63a6f143e4f5774509bc950c25e152f70caeaed34a494824566e5b9fcb74caa9034dcf0109f880a165750de7added0d9eda62435c1fbde0848fa6eaf0bf6488ae7a6df7a3a0fe8ba9ed56ea9f0bd11fd262b2d3612aad0870507efb181b47d0977c5b6917287a6eaddfbacb519d7778e22f5082f4ad94f5fc022cdca4f13ab2eac234a5ddf0768bc357eacc3347d836725f5ef73b758c6e308ef1e4cb7e20a7048fa92e98891b260ffef457ea6ce5088df8ca5dd252f6281b6c163436ba3137f3b4586291ed1e2e2aa7e24bd70ffaa161c3ac323b0fd4a54771c2c5e6e1cb001fa373b40c575a40beda80e486b4bc1725be0e3229e47cd3a0c162843d3ca40520a7573739392019deadfa07dd8c6cd37d2cc3f92c1d3dbdbabd0e9d61dcfb40a681fc5148d037c28e1cff236f9cce8fefd0a4984bcca3a8d215b630a5a3e62c72531fda5b6eae25110776b622a883bdcd4ce8e196a9073b9a7e10e4d8ea989aa6e7c54411e5f611b269e5cc74d8d712cfc3d79e0eafc5ee855c8d9c96136643e8a6319eefa373f3daf23981f2b9a133261a5504567dfe0ccb7c1121bc92a0e549a9fb69e5e3c7cab65ada88f7ebf6be11ae3a24e0e73141879e2ccedeae8f8b157de81e2d81ddfdf29662f58de0ec4a7194abff4441d980d767a9fa974f0e3aedc63f85d8fbbd11ab0c148f5c3d77cec697ac12dbfc7dee52887e14ecb969be0e9727c149f92425a49b7ff160d9f6162bcd81bcadd199be6de0e3b4405e23599f5c36d55103f629657bb0cd4133821c3b661b3d7295dfe49bab8e4577c6c70a28a7202cf8a40d057e17e155717f1b76028c2d9fd850e69e5c74d5841ad3c4070e2a64927fb478b68472c493e2828e866262d5e363ee4762d3d74f71c21d28657e8aa4e97f122a990a1db6141b39c4f74b6e4005356effbd746ea941de3e74f7e29703d67af579b1be118f29b0dd86388e127e3f676cb1f232ac373c3389af0a8a197dfb316325fa13737dc138511a41f47520cab177d5c7c603d6cfa5f4b9f1c512fc5163a109c06653af23bc5a1894bf3c27e824e7f5a76a436bcdcc5fa8d11c4568032765cba1c9ee32759b50e2ebeeb4fef53090d4114fd1a9f465e10485eded8f4998cc175ec1049d927cf0065b7d3cf1529d50647a6eb5371e0bb3d4605de8b92bd4548ae33668c623c167b4a8f07e9b12c0d70cd5cb59c9c9ee4462445c6fb3ec7d5fea506846602be7c3b0d8d4e4f7717260ea3d5faacef7ef16d668cca05d3e71947fcf86bc9107cc6bca03b118b9a9e5e85520435e447760c661dd355edd97b5383c5e88408a2e5e31753ae09ff7cf99f817dbda20c4e9329c0f46069a1f8b8cf24b8c34cbcf6a1fa9a113e905ddabb2be6027b3f43150118ecf035bbaf98b91e4ba265a17dfd13da8f14c22f7eec5e88d26e10d2b1bb9ba9d9cfc20e8f06503c1a02122eb49b5b8ce932b9c147d17b1e09743b26351b601077ff912260c29f95147c2f54a37194cc1e92d37672305d4b6bf89b809bfcc3aa8295cb17ba9df39b034287a175442065f95cb156b17bcf1cdd91b06f729ea9ec5e8dbbd7b354be068f1943fac18107d8239d3cc1c92c9023c2a82d9276dba705d8ace9797e91c99db5cb507df4e6c95551b6ffb579e0ffcdffebe6d97954532c9cdb387180065886ba263a55771d62fe05504b070855da715a05110000a8130000504b0304140008000800534cd9380000000000000000000000000c00000073657474696e67732e786d6cb559db72e238107ddfaf48f99d00219b0b953065c830cb84040ac8a476de84dd8037b2da25c901fe7e5bb249255c3204a327125bea9bbacfe9966fbe2d627ef20a5245286ebdea69c53b0111601889e9adf7346a97aebc6f8dbf6e70328902a88718a431085d52a0352d5127b45da87af6fad64ba5a8235391aa0b1683aaeba08e0988d5b6fafbd575ab2c7bb2e09178b9f5665a27f572793e9f9fce6ba728a7e5eaf5f575d9be5d2d0d504ca2e9beaab2d5ef5521e29b22b32133c62a3bab54cecbd9ffde496ee4bbd054bdc62a0e2bf71b37b982eca71469884d6c4ef2c7c6b45b8f54d65f2398bf45cddbb6efe39e5fb4de97c0469878ab377a99d09b4868af51b9296f4ad85f6a17267a9bd8d2f9c555ad98e8e728d4b36db26b67b58b8266ff03d174b6d5f0eaf5e5f981c287339c0f20a41c83d68c8929a8350563440e4c780d2d53384c47473425ce153c6008bba44f18577b8b2fc52c2945228405849bb1da9e60760f95865cee17f14eb866aad292b2d76b985c3e3bfc2477255fad5229207547a154cf6a9583335a45630e4e6ac54a3e766d5ba1835d2572767971f97721d14dd41ae31de557bb3a4cf66fc4784492d6736d86f2f05818a16d166894dbc5562b070aeea821700834846d490f0ea8e52d0fdf17e6aed779ad6f5f40bcb23f13650f52c934f1da5728c90fc33e936cc4281586090b0c161c1d29fb04317a008676611d7f0e83ca8ff27ba93648df250dfcdf0878a81ed3780cf213670a68eb52e3f294844c6f43fe552e1608d4f738d1cb3e73c359538112da91549adc800e25a0d01de1325cc4bf92aa16640be34482329dd7d1b1c1066e480e70f889e39d812be04676e26d49c00671c2e96f4775d2670948a367083a5de792637842256f71ae37991050b88895f5c350aca32cce3bbbbe444db04df9740fcb752d4cc1c57933124c2ebdf29e265b1474606f6e681be53ad11eabc0b49f6acc52d4515ab690b80cb993e89078905bd3fd8ba798c11b1da3f245d8e44cbc280aba41ba16e341ca2d3dba4a785f08d456c36e5e3810debac8c201b01005df48f4e32082690272fe1fa1ad83167017a74dbabe2fe8b805e35df2c849bfe127095f3e2990774cb3e38b6f9b16c365c10dd92bfccaee287aa2c5511d67bedc54f283e398f1bbfc7ac534362ee8a0a3eee9bc7d1531d14f45a0535765e8f3682a2879871a933eaae83335879f4e8b4789afdeda1a5f0454db103e4b5a2adb7c69c9d5451c5ba994744c26a90d309adf21a632d8c09a6ca4df032feff011758b253a957027d9bc37fe4ff584616d07e65b5419e0fc1ec0455b93d3c8e3e604b77f3cac8c365b1412424ca9a210e40816fa59b2a42728ac948e2e9a52053d1ee69e3f00991838ebe7ec1d84abb14475d918de80c84da44cfb05b619f8c3a05b9c49df8fd3be1e6a6ad08e1fb43797568996b8f1c982c400685630aef95a4bd354d1c8d8462747954d411255423db32bf93f285eb34faaa540f3c139cead0e9a445b4c04c01d70d0472aa0d13a6622dc325617b97cb407ff33553a9a2c4dd9a8e748cf1e9848196f4a602f6e38420dc0f4e9af30c2ec7ac261e51030538ead5a0537e593a3b3f1c57cca327d165b62baeed6ea1e7e46305b92a090a7c6a622bce0f25627bfaa984293052f5389a9d879b177ec2c2fc6eea6cdb177a36ee6581a3a8317038c4ee85e2c286f03f80d126988fac3fcf4c5fb6a7bdf5cdef8165adef595b8f13f504b0708a4920524df040000671e0000504b0304140008000800534cd938000000000000000000000000150000004d4554412d494e462f6d616e69666573742e786d6cb5954b6ac3301040f73d85d1de56db553171022df404e90126f2d811e887661492db570ee4d33694a6583b09a4f74623cd68b1da5b53ed3092f6ae134fcda3a8d029df6b3776e263fd5ebf88d5f26161c1e90189dbd3a0cafb1c9da79d48d1b51e4853ebc022b5ac5a1fd0f55e258b8edbafebdbc9b47ca82ee0411bacf3c278a82e32ec35d47c08d80908c168059ce3943bd737475773ad6818f72c2ebb87644c1d80b79d9042de25bb4d79f36ed0638ac720e859120327da402c8307a5d0609efa28558a713a62ce62715711c1603c301682071f52c84f2015c2473f46a472373d855e0ccede9b62706d614492af9a2d042aeab893fdbd5f507253f5344937ea5af0b718ee944f9d484eb57a139efdfcbf62fe9d4b7c3048b3632d32ccd678d6db64370eb421c9a76113dc38377cdec42273fe10cfa95dc81fffe1f213504b07083562d7393e0100004a070000504b01021400140000000000534cd9385ec6320c27000000270000000800000000000000000000000000000000006d696d6574797065504b01021400140000000000534cd9380000000000000000000000001a000000000000000000000000004d000000436f6e66696775726174696f6e73322f7374617475736261722f504b01021400140008000800534cd938000000000200000000000000270000000000000000000000000085000000436f6e66696775726174696f6e73322f616363656c657261746f722f63757272656e742e786d6c504b01021400140000000000534cd9380000000000000000000000001800000000000000000000000000dc000000436f6e66696775726174696f6e73322f666c6f617465722f504b01021400140000000000534cd9380000000000000000000000001a0000000000000000000000000012010000436f6e66696775726174696f6e73322f706f7075706d656e752f504b01021400140000000000534cd9380000000000000000000000001c000000000000000000000000004a010000436f6e66696775726174696f6e73322f70726f67726573736261722f504b01021400140000000000534cd938000000000000000000000000180000000000000000000000000084010000436f6e66696775726174696f6e73322f6d656e756261722f504b01021400140000000000534cd9380000000000000000000000001800000000000000000000000000ba010000436f6e66696775726174696f6e73322f746f6f6c6261722f504b01021400140000000000534cd9380000000000000000000000001f00000000000000000000000000f0010000436f6e66696775726174696f6e73322f696d616765732f4269746d6170732f504b01021400140008000800534cd938a1876801e6040000641900000b000000000000000000000000002d020000636f6e74656e742e786d6c504b01021400140008000800534cd93825edb99d7d060000c91f00000a000000000000000000000000004c0700007374796c65732e786d6c504b01021400140000000000534cd938b27aafc4ff030000ff0300000800000000000000000000000000010e00006d6574612e786d6c504b01021400140008000800534cd93855da715a05110000a81300001800000000000000000000000000261200005468756d626e61696c732f7468756d626e61696c2e706e67504b01021400140008000800534cd938a4920524df040000671e00000c000000000000000000000000007123000073657474696e67732e786d6c504b01021400140008000800534cd9383562d7393e0100004a07000015000000000000000000000000008a2800004d4554412d494e462f6d616e69666573742e786d6c504b0506000000000f000f00ee0300000b2a00000000);

-- --------------------------------------------------------

--
-- Structure de la table `profils`
--

CREATE TABLE `profils` (
  `id` int(11) NOT NULL auto_increment,
  `parent_id` int(11) default '0',
  `libelle` varchar(100) NOT NULL default '',
  `actif` tinyint(1) NOT NULL default '1',
  `created` datetime NOT NULL default '0000-00-00 00:00:00',
  `modified` datetime NOT NULL default '0000-00-00 00:00:00',
  PRIMARY KEY  (`id`)
);

--
-- Contenu de la table `profils`
--

INSERT INTO `profils` (`id`, `parent_id`, `libelle`, `actif`, `created`, `modified`) VALUES
(1, 0, 'Administrateur', 1, '2007-09-03 14:40:53', '2007-09-03 14:40:53'),
(2, 0, 'Rédacteur', 1, '2009-03-10 12:03:12', '2009-03-10 12:03:12'),
(3, 0, 'Validateur', 1, '2009-03-10 12:03:28', '2009-03-10 12:03:28'),
(4, 0, 'Service assemblée', 1, '2009-03-10 12:03:48', '2009-03-10 12:03:48');

-- --------------------------------------------------------

--
-- Structure de la table `seances`
--

CREATE TABLE `seances` (
  `id` int(11) NOT NULL auto_increment,
  `type_id` int(11) NOT NULL default '0',
  `created` datetime NOT NULL default '0000-00-00 00:00:00',
  `modified` datetime NOT NULL default '0000-00-00 00:00:00',
  `date` datetime NOT NULL default '0000-00-00 00:00:00',
  `traitee` int(1) NOT NULL default '0',
  `secretaire_id` int(11) default NULL,
  `debat_global` longblob NOT NULL,
  `debat_global_name` varchar(75) NOT NULL,
  `debat_global_size` int(11) NOT NULL,
  `debat_global_type` varchar(255) NOT NULL,
  PRIMARY KEY  (`id`)
);

--
-- Contenu de la table `seances`
--


-- --------------------------------------------------------

--
-- Structure de la table `sequences`
--

CREATE TABLE `sequences` (
  `id` int(11) NOT NULL auto_increment,
  `nom` varchar(255) NOT NULL,
  `commentaire` varchar(255) NOT NULL,
  `num_sequence` int(11) NOT NULL,
  `created` datetime NOT NULL,
  `modified` datetime NOT NULL,
  PRIMARY KEY  (`id`),
  UNIQUE KEY `nom` (`nom`)
);

--
-- Contenu de la table `sequences`
--


-- --------------------------------------------------------

--
-- Structure de la table `services`
--

CREATE TABLE `services` (
  `id` int(11) NOT NULL auto_increment,
  `parent_id` int(11) default '0',
  `order` varchar(50) NOT NULL,
  `libelle` varchar(100) NOT NULL,
  `circuit_defaut_id` int(11) NOT NULL,
  `actif` tinyint(1) NOT NULL default '1',
  `created` datetime NOT NULL default '0000-00-00 00:00:00',
  `modified` datetime NOT NULL default '0000-00-00 00:00:00',
  PRIMARY KEY  (`id`)
);

--
-- Contenu de la table `services`
--

INSERT INTO `services` (`id`, `parent_id`, `order`, `libelle`, `circuit_defaut_id`, `actif`, `created`, `modified`) VALUES
(1, 0, '', 'Informatique', 0, 1, '2009-03-10 11:12:57', '2009-03-10 11:12:57');

-- --------------------------------------------------------

--
-- Structure de la table `themes`
--

CREATE TABLE `themes` (
  `id` int(11) NOT NULL auto_increment,
  `parent_id` int(11) default '0',
  `order` varchar(50) NOT NULL,
  `libelle` varchar(100) NOT NULL,
  `actif` tinyint(1) NOT NULL default '1',
  `created` datetime NOT NULL default '0000-00-00 00:00:00',
  `modified` datetime NOT NULL default '0000-00-00 00:00:00',
  PRIMARY KEY  (`id`)
);

--
-- Contenu de la table `themes`
--


-- --------------------------------------------------------

--
-- Structure de la table `traitements`
--

CREATE TABLE `traitements` (
  `id` int(11) NOT NULL auto_increment,
  `delib_id` int(11) NOT NULL default '0',
  `circuit_id` int(11) NOT NULL default '0',
  `position` int(11) NOT NULL default '0',
  `date_traitement` datetime default '0000-00-00 00:00:00',
  PRIMARY KEY  (`id`)
);

--
-- Contenu de la table `traitements`
--


-- --------------------------------------------------------

--
-- Structure de la table `typeacteurs`
--

CREATE TABLE `typeacteurs` (
  `id` int(11) NOT NULL auto_increment,
  `nom` varchar(255) NOT NULL,
  `commentaire` varchar(255) NOT NULL,
  `elu` tinyint(1) NOT NULL,
  `created` datetime NOT NULL,
  `modified` datetime NOT NULL,
  PRIMARY KEY  (`id`),
  UNIQUE KEY `nom` (`nom`)
);

--
-- Contenu de la table `typeacteurs`
--


-- --------------------------------------------------------

--
-- Structure de la table `typeseances`
--

CREATE TABLE `typeseances` (
  `id` int(11) NOT NULL auto_increment,
  `libelle` varchar(100) NOT NULL,
  `retard` int(11) NOT NULL default '0',
  `action` tinyint(1) NOT NULL,
  `compteur_id` int(11) NOT NULL,
  `modelprojet_id` int(11) NOT NULL,
  `modeldeliberation_id` int(11) NOT NULL,
  `modelconvocation_id` int(11) NOT NULL,
  `modelordredujour_id` int(11) NOT NULL,
  `modelpvsommaire_id` int(11) NOT NULL,
  `modelpvdetaille_id` int(11) NOT NULL,
  `created` datetime NOT NULL default '0000-00-00 00:00:00',
  `modified` datetime NOT NULL default '0000-00-00 00:00:00',
  PRIMARY KEY  (`id`)
);

--
-- Contenu de la table `typeseances`
--


-- --------------------------------------------------------

--
-- Structure de la table `typeseances_acteurs`
--

CREATE TABLE `typeseances_acteurs` (
  `typeseance_id` int(11) NOT NULL,
  `acteur_id` int(11) NOT NULL,
  PRIMARY KEY  (`typeseance_id`,`acteur_id`)
);

--
-- Contenu de la table `typeseances_acteurs`
--


-- --------------------------------------------------------

--
-- Structure de la table `typeseances_typeacteurs`
--

CREATE TABLE `typeseances_typeacteurs` (
  `typeseance_id` int(11) NOT NULL,
  `typeacteur_id` int(11) NOT NULL,
  PRIMARY KEY  (`typeseance_id`,`typeacteur_id`)
);

--
-- Contenu de la table `typeseances_typeacteurs`
--


-- --------------------------------------------------------

--
-- Structure de la table `users`
--

CREATE TABLE `users` (
  `id` int(11) NOT NULL auto_increment,
  `profil_id` int(11) NOT NULL default '0',
  `statut` int(11) NOT NULL default '0',
  `login` varchar(50) NOT NULL default '',
  `note` varchar(25) NOT NULL,
  `circuit_defaut_id` int(11) NOT NULL,
  `password` varchar(100) NOT NULL default '',
  `nom` varchar(50) NOT NULL default '',
  `prenom` varchar(50) NOT NULL default '',
  `email` varchar(255) NOT NULL default '',
  `telfixe` varchar(20) default NULL,
  `telmobile` varchar(20) default NULL,
  `date_naissance` date default NULL,
  `accept_notif` tinyint(1) default NULL,
  `position` int(3) default NULL,
  `created` datetime NOT NULL default '0000-00-00 00:00:00',
  `modified` datetime NOT NULL default '0000-00-00 00:00:00',
  PRIMARY KEY  (`id`)
);

--
-- Contenu de la table `users`
--

INSERT INTO `users` (`id`, `profil_id`, `statut`, `login`, `note`, `circuit_defaut_id`, `password`, `nom`, `prenom`, `email`, `telfixe`, `telmobile`, `date_naissance`, `accept_notif`, `position`, `created`, `modified`) VALUES
(1, 1, 0, 'admin', '', 0, '21232f297a57a5a743894a0e4a801fc3', 'admin', 'admin', 'francois.desmaretz@adullact.org', '0000000000', '0000000000', '1999-11-30', 0, 0, '0000-00-00 00:00:00', '2009-03-10 11:13:41');

-- --------------------------------------------------------

--
-- Structure de la table `users_circuits`
--

CREATE TABLE `users_circuits` (
  `id` int(11) NOT NULL auto_increment,
  `user_id` int(11) NOT NULL default '0',
  `circuit_id` int(11) NOT NULL default '0',
  `service_id` int(11) NOT NULL default '0',
  `position` int(11) NOT NULL default '0',
  PRIMARY KEY  (`id`)
);

--
-- Contenu de la table `users_circuits`
--


-- --------------------------------------------------------

--
-- Structure de la table `users_services`
--

CREATE TABLE `users_services` (
  `user_id` int(11) NOT NULL default '0',
  `service_id` int(11) NOT NULL default '0',
  PRIMARY KEY  (`user_id`,`service_id`)
);

--
-- Contenu de la table `users_services`
--

INSERT INTO `users_services` (`user_id`, `service_id`) VALUES
(1, 1);

-- --------------------------------------------------------

--
-- Structure de la table `votes`
--

CREATE TABLE `votes` (
  `id` int(11) NOT NULL auto_increment,
  `acteur_id` int(11) NOT NULL default '0',
  `delib_id` int(11) NOT NULL default '0',
  `resultat` int(1) NOT NULL,
  `created` datetime NOT NULL default '0000-00-00 00:00:00',
  `modified` datetime NOT NULL default '0000-00-00 00:00:00',
  PRIMARY KEY  (`id`)
);

--
-- Contenu de la table `votes`
--

